Room Number,Room Name,Room Unique ID,Level,Touching Rooms
HP2200A,VESTIBULE HP2200A,fb8b809e-bd1b-4568-950a-2a1c0420a3d5-004ac986,LEVEL 02,HP2202;HP2002;HP2004
HP3120K,OFFICE HP3120K,8864ee1f-26f4-4e89-932b-e8f289c6470a-003aba88,LEVEL 03,HP3100B;HP3130D;HP3120B;HP3120E;HP3120F;HP3120G;HP3120M;HP3120J;HP3120D;HP3100;HP-C31C
HP2203,CLASSROOM STORAGE HP2203,fb8b809e-bd1b-4568-950a-2a1c0420a3d5-004ac989,LEVEL 02,HP2002;HP2004
HP6100Y,WAITING / PREFUNCTION HP6100Y,092b4ff3-5418-42fa-a49d-bccb1fdd71a2-009c86f7,LEVEL 06,HP6100A
HP2310A,AV CLO. HP2310A,fb8b809e-bd1b-4568-950a-2a1c0420a3d5-004ac98f,LEVEL 02,HP2310
HP2306A,AV CLO. HP2306A,fb8b809e-bd1b-4568-950a-2a1c0420a3d5-004ac992,LEVEL 02,HP2306
HP2304A,AV CLO. HP2304A,fb8b809e-bd1b-4568-950a-2a1c0420a3d5-004ac995,LEVEL 02,HP2304;HP2304B
HP5110E,OFFICE HP5110E,8761029a-7949-451f-bead-5894f98e32b0-00486c40,LEVEL 05,HP5110C;HP5110D;HP-C51A
HP4140C,STAFF OFFICE HP4140C,51ff7dbf-0d68-43c5-a409-2c1b36764abe-0031c3b9,LEVEL 04,HP4140E;HP4140D;HP-C41E
HP0014,MAINTENANCE SHOP HP0014,c8c59508-fbc4-421f-8f17-658645ecbfc6-00a8c8d2,LEVEL 01,HP0010
HP3306A,AV CLO. HP3306A,daeff68d-d9a4-462e-b027-bf3b609bf202-006b0bcc,LEVEL 03,HP3306
HP5209,MAKERSPACE MEDIA LAB HP5209,02e8bcb1-d354-4633-936e-deb3c8a27a36-002bfcca,LEVEL 05,HP5205;HP5020;HP-C50B
HP3207,DATA HP3207,8f8a98cb-64bc-42ae-9d99-d208628062c0-009af99c,LEVEL 03,HP-C30B
HP3310A,AV CLO. HP3310A,daeff68d-d9a4-462e-b027-bf3b609bf202-006b0beb,LEVEL 03,HP3310;HP3312A
HP3120S,OFFICE HP3120S,66012009-ce1e-488e-95c7-106a3df10f70-003bac5a,LEVEL 03,HP3120U;HP3120Y;HP3120P;HP-C31B;HP3120W;HP3120V;HP3120R;HP3120Q
HP5002,EAST ATRIUM HP5002,df48f3eb-9846-4bae-a20f-b098c9e0b842-0089b68d,LEVEL 05,HP-ST-502;HP5205;HP5202;HP5005;HP5304;HP-ST-501;HP-EL-1;HP5312;HP5306;HP-EL-2;HP5302
HP6310,BREAK /OFFICE HP6310,9c366077-349c-4b85-95f7-9501b769eaa4-0043c40f,LEVEL 06,HP6308;HP-C63B
HP6369,SP STORAGE HP6369,3cd687a1-e134-47f3-89b8-4a07257f0e1c-00468dd7,LEVEL 06,HP-C63C;HP-C63D;HP6365
HP1012,TOILET HP1012,99689c1e-05db-4dbb-9c92-e72a39ad8cd4-004a1e68,LEVEL 01,HP1012A;HP-C10A
HP1013,TOILET HP1013,99689c1e-05db-4dbb-9c92-e72a39ad8cd4-004a1e69,LEVEL 01,HP-C10A;HP1013A
HP-C41B,ADMIN CORR. HP-C41B,51f08de2-ad15-4e7b-8e66-908d05da8f7a-0089b8bf,LEVEL 04,HP4120A;HP4120U;HP4120P;HP4120W;HP4120X;HP4120Z;HP4120V;HP4120AA;HP4120Q;HP4120N;HP4120R;HP4120Y;HP4120S;HP4120T
HP-C51B,ADMIN CORR. HP-C51B,51f08de2-ad15-4e7b-8e66-908d05da8f7a-0089b90c,LEVEL 05,HP5120Y;HP5120A;HP5120Q;HP5120AA;HP5120CC;HP5120W;HP5120R;HP5120Z;HP5120X;HP5120BB;HP5120S;HP5120T;HP5120V;HP5120U;HP5120P
HP6344A,STORAGE HP6344A,33afc0de-f027-4dda-bf80-d356d9ea8ac9-00726c95,LEVEL 06,HP6344;HP-C60C;HP6340;HP6342;HP6002
HP-C50B,PUBLIC CORR. HP-C50B,51f08de2-ad15-4e7b-8e66-908d05da8f7a-0089b9e5,LEVEL 05,HP5205;HP5209;HP5206;HP-C60B;HP5207;HP5233;HP5020;HP5019
HP3120N,CONF(8) HP3120N,51ff7dbf-0d68-43c5-a409-2c1b36764abe-0031c432,LEVEL 03,HP-C31B
HP5233,WEST ATRIUM HP5233,51f08de2-ad15-4e7b-8e66-908d05da8f7a-0089b9e8,LEVEL 05,HP-C50B;HP5207;HP5208
HP-C31F,ADMIN CORR. HP-C31F,1f3a85a3-945a-4cfb-abf4-73936d04dbfe-008992d2,LEVEL 03,HP3140DD;HP3140FF;HP3140CC;HP3140N;HP3004;HP3140AA;HP3140Z;HP3140Y;HP3140T;HP3140P;HP3140Q;HP3140HH;HP3140U;HP3140S;HP3140R;HP3157A;HP3140X;HP3140W;HP3140V;HP3153;HP3157;HP3155;HP3140F;HP3151;HP-C31D;HP3140GG;HP3140G;HP3140EE
HP5220,ADMIN CORR. HP5220,1f3a85a3-945a-4cfb-abf4-73936d04dbfe-008992d5,LEVEL 03,HP3010D;HP3130C;HP3151;HP3140M;HP3140K;HP3140J;HP3140H;HP3010C;HP3140G;HP3140L
HP3014,ELECT HP3014,d17140ae-73d7-4137-8f33-31de6e23511e-0087fd3c,LEVEL 03,HP-C30B
HP-EL-2,ELEVATOR HP-EL-2,2bbdc6c7-452f-4a6d-ae3e-161ad700afac-011640da,PENTHOUSE,HP-EL-2;HP-EL-1;HP-EL-1;HP-EL-2;HP-EL-1;HP-C50AA;HP-EL-1;HP-EL-2;HP-EL-1;HP1014;HP-EL-2;HP-EL-1;HP-EL-2;HP-EL-2;HP-EL-1
HP2303,RECEIVING/LOADING HP2303,9636b62e-8b9e-43fa-a4a9-f3405902d751-003de88b,LEVEL 02,HP2303B;HP2004;HP2303A;HP2002;HP2303C
HP5221,WEST ATRIUM HP5221,1192b38b-86e4-4f47-ae4d-0e23108f4710-0089af07,LEVEL 04,HP4210;HP4208
HP4002,EAST ATRIUM HP4002,1192b38b-86e4-4f47-ae4d-0e23108f4710-0089af0a,LEVEL 04,HP4312;HP-ST-401;HP-EL-2;HP4202;HP4312A;HP-EL-1;HP4304;HP4308;HP4306;HP4204;HP-C41F;HP4302;HP4306A;HP4005;HP4310;HP4304A;HP-ST-402
HP6302,STORAGE HP6302,19aaaff1-0b69-4ccd-9cd3-be031c1d448d-00331bd5,LEVEL 06,HP6306;HP-C63A;HP6304
HP3110R,OFFICE HP3110R,a4a4aed8-5bcf-466e-8a97-51854c0bd956-003b1ed9,LEVEL 03,HP3110S;HP3110Q;HP3110M;HP3110N;HP-C31A;HP3110P
HP-C40B,PUBLIC CORR. HP-C40B,1192b38b-86e4-4f47-ae4d-0e23108f4710-0089af24,LEVEL 04,HP4205;HP4206;HP4016;HP4209;HP4204;HP4207;HP4014
HP4120W,OFFICE HP4120W,4a653e06-fb9a-4797-9441-327d6da0ffac-0044ca89,LEVEL 04,HP4120Q;HP4120U;HP4120P;HP4120R;HP-C41B;HP4120S;HP4120X;HP4120V
HP5120E,STAFF OFFICE HP5120E,6ff27a87-62af-40f8-a24b-83e797282507-003ddfa7,LEVEL 05,HP5130C;HP5120G;HP5120C;HP5120A;HP-C51C;HP5120J
HP4120X,OFFICE HP4120X,4a653e06-fb9a-4797-9441-327d6da0ffac-0044ca8d,LEVEL 04,HP4120Q;HP4120U;HP4120P;HP4120W;HP4120R;HP-C41B;HP4120S;HP4120Z;HP4120V
HP4120Z,OFFICE HP4120Z,4a653e06-fb9a-4797-9441-327d6da0ffac-0044ca8e,LEVEL 04,HP-C41B;HP4120X
HP4120V,OFFICE HP4120V,4a653e06-fb9a-4797-9441-327d6da0ffac-0044ca8f,LEVEL 04,HP4120Q;HP4120U;HP4120P;HP4120W;HP4120R;HP-C41B;HP4120S;HP4120X
HP4120Q,OFFICE HP4120Q,4a653e06-fb9a-4797-9441-327d6da0ffac-0044ca91,LEVEL 04,HP4120U;HP4120P;HP4120W;HP4120R;HP-C41B;HP4120S;HP4120X;HP4120V
HP4140F,STAFF OFFICE HP4140F,4a653e06-fb9a-4797-9441-327d6da0ffac-0044ca92,LEVEL 04,HP4140E;HP-C41F;HP5226;HP4140G
HP4120R,OFFICE HP4120R,4a653e06-fb9a-4797-9441-327d6da0ffac-0044ca99,LEVEL 04,HP4120Q;HP4120U;HP4120P;HP4120W;HP-C41B;HP4120S;HP4120X;HP4120V
HP4120S,OFFICE HP4120S,4a653e06-fb9a-4797-9441-327d6da0ffac-0044ca9c,LEVEL 04,HP4120Q;HP4120U;HP4120P;HP4120W;HP4120R;HP-C41B;HP4120X;HP4120V
HP4014,ELECT HP4014,d17140ae-73d7-4137-8f33-31de6e23511e-0087fd8e,LEVEL 04,HP-C40B
HP3120P,CHAIR OFFICE HP3120P,fa7b4a67-9991-4750-8563-132eb7ac0cc5-003609f4,LEVEL 03,HP3120U;HP3120Y;HP-C31B;HP3120S;HP3120W;HP3120V;HP3120R;HP3120Q
HP6342,CONTROL HP6342,b5f9e4e1-0446-4f7b-90b2-e755a6b823aa-00718920,LEVEL 06,HP6344;HP-C63D;HP6340;HP-C63C;HP6344A
HP6002,EAST ATRIUM HP6002,51f08de2-ad15-4e7b-8e66-908d05da8f7a-0089be27,LEVEL 06,HP-EL-1;HP-C60C;HP6340;HP6344A;HP-C63B;HP-EL-2;HP6344
HP5120Z,STAFF OFFICE HP5120Z,6ff27a87-62af-40f8-a24b-83e797282507-003ddfef,LEVEL 05,HP5120X;HP5120V;HP5120BB;HP-C51B
HP2304,CLASSROOM HP2304,a19b267a-8cbf-406d-9dd0-35f3a116abea-002c4368,LEVEL 02,HP2304B;HP2304A;HP2303C
HP2306,CLASSROOM HP2306,a19b267a-8cbf-406d-9dd0-35f3a116abea-002c436b,LEVEL 02,HP2306A;HP2306B
HP2304B,CL STO. HP2304B,4f1a2a47-1d82-46da-8ed4-4126fd40997f-00c4b6df,LEVEL 02,HP2304;HP2304A
HP1014,MACH RM HP1014,4ba18549-9c74-4ef6-8f75-163bdfda2351-004ab8ce,LEVEL 01,HP-EL-2;HP-EL-2;HP-EL-1;HP-EL-1;HP-EL-2;HP-EL-1;HP-C50AA;HP-EL-1;HP-EL-2;HP-EL-1;HP-EL-2;HP-C10A;HP-EL-1;HP-EL-2;HP-EL-2;HP-EL-1
HP5120Y,OFFICE HP5120Y,4a653e06-fb9a-4797-9441-327d6da0ffac-0044cae6,LEVEL 05,HP5120S;HP5120T;HP5120AA;HP5120U;HP5120W;HP5120Q;HP5120R;HP-C51B
HP5120AA,OFFICE HP5120AA,4a653e06-fb9a-4797-9441-327d6da0ffac-0044caea,LEVEL 05,HP5120S;HP5120Y;HP5120T;HP5120U;HP5120Q;HP5120W;HP-C51B;HP5120R;HP5120CC
HP5120CC,OFFICE HP5120CC,4a653e06-fb9a-4797-9441-327d6da0ffac-0044caeb,LEVEL 05,HP5120AA;HP-C51B
HP5120W,OFFICE HP5120W,4a653e06-fb9a-4797-9441-327d6da0ffac-0044caec,LEVEL 05,HP5120S;HP5120Y;HP5120T;HP5120AA;HP5120U;HP5120Q;HP-C51B;HP5120R
HP5120R,OFFICE HP5120R,4a653e06-fb9a-4797-9441-327d6da0ffac-0044caee,LEVEL 05,HP5120Y;HP5120S;HP5120T;HP5120AA;HP5120U;HP5120W;HP5120Q;HP-C51B
HP5120J,STAFF OFFICE HP5120J,4a653e06-fb9a-4797-9441-327d6da0ffac-0044caef,LEVEL 05,HP5130C;HP5120G;HP5120C;HP5120E;HP5120A;HP-C51C
HP2001C,CAFE STOR HP2001C,ea5714f3-e810-429c-be28-aabd4f4838cc-003df21f,LEVEL 02,HP2001B
HP3110Q,OFFICE HP3110Q,ca3b91b7-bf10-48e0-a639-693902af65e9-00310746,LEVEL 03,HP3110S;HP3110M;HP3110N;HP3110R;HP3110P;HP-C31A
HP5120S,OFFICE HP5120S,4a653e06-fb9a-4797-9441-327d6da0ffac-0044caf6,LEVEL 05,HP5120Y;HP5120T;HP5120AA;HP5120U;HP5120W;HP5120Q;HP5120R;HP-C51B
HP5120T,OFFICE HP5120T,4a653e06-fb9a-4797-9441-327d6da0ffac-0044caf9,LEVEL 05,HP5120S;HP5120Y;HP5120Q;HP5120AA;HP5120U;HP5120W;HP-C51B;HP5120R
HP3140GG,OFFICE HP3140GG,6709ec6e-06b8-4e6b-a4b5-7b897e34d070-0031f237,LEVEL 03,HP3140DD;HP3140CC;HP-C31F;HP-C31D;HP3140HH;HP3140FF;HP3140EE
HP3140H,STAFF OFFICE HP3140H,e0ef02ed-b478-494e-b673-998064ed7d6f-0043da98,LEVEL 03,HP5220;HP3140G
HP3140HH,OFFICE HP3140HH,1be918ec-db3a-4534-adaf-065dcd88540e-003bd41c,LEVEL 03,HP3140DD;HP3140CC;HP-C31F;HP-C31D;HP3140GG;HP3140FF;HP3140EE
HP-C60B,PUBLIC CORR. HP-C60B,51f08de2-ad15-4e7b-8e66-908d05da8f7a-0089c142,LEVEL 06,HP-C50B
HP-C61A,ADMIN CORR. HP-C61A,51f08de2-ad15-4e7b-8e66-908d05da8f7a-0089c145,LEVEL 06,HP6100T;HP6100P;HP6011;HP6100S;HP6100Q;HP-ST-603;HP-C60A;HP6100M;HP6100K;HP6100G;HP6100J;HP6100H;HP6100N
HP5120X,STAFF OFFICE HP5120X,6ff27a87-62af-40f8-a24b-83e797282507-003de032,LEVEL 05,HP5120V;HP5120BB;HP-C51B;HP5120Z
HP5205,FOUNDATION SKILLS HP5205,6acf317e-b7cb-4225-a9ba-636eea3772fe-002be051,LEVEL 05,HP5209;HP5020;HP5002;HP5005;HP-C50B
HP2310B,CLO. HP2310B,e1ca5255-0d85-472b-baeb-df68c8a9f560-00c4613e,LEVEL 02,HP2310
HP3312A,AV CLO. HP3312A,daeff68d-d9a4-462e-b027-bf3b609bf202-006b0d45,LEVEL 03,HP3310;HP3310A;HP3312
HP2202,AUDITORIUM HP2202,c186d33f-1f56-48f9-9a56-be5a652e9237-00305be5,LEVEL 02,HP2200B;HP1200B;HP1200A;HP2200A;HP1200
HP2302N,DF HP2302N,ec0268b4-53e9-4764-8bf5-5fd07d9eb683-007ab8fc,LEVEL 04,HP-C40A;HP4013;HP4015;HP4017
HP3120U,OFFICE HP3120U,982b0bb1-46e5-4274-9a86-28aa970acb89-00467b14,LEVEL 03,HP3120Y;HP3120P;HP-C31B;HP3120S;HP3120W;HP3120V;HP3120R;HP3120Q
HP5120G,STAFF OFFICE HP5120G,6ff27a87-62af-40f8-a24b-83e797282507-003de075,LEVEL 05,HP5130C;HP5120C;HP5120E;HP5120A;HP-C51C;HP5120J
HP4013,TOILET HP4013,0d260a51-9937-4198-9d34-e7c16045e406-00476802,LEVEL 04,HP-C40A;HP2302N
HP4015,ELECT HP4015,0d260a51-9937-4198-9d34-e7c16045e406-00476803,LEVEL 04,HP-C40A;HP2302N
HP4140D,STAFF OFFICE HP4140D,8a8fbecc-27a0-454f-b487-b9ad6dd89786-002cc8c2,LEVEL 04,HP4140E;HP4140C;HP-C41E
HP4011,TOILET HP4011,0d260a51-9937-4198-9d34-e7c16045e406-00476806,LEVEL 04,HP-C41A;HP4101
HP6306,CONTROL HP6306,c82672cd-897e-4bd6-b9f0-6a0f1ffc6248-002ec24d,LEVEL 06,HP-C63A;HP6304;HP6302
HP6318,CONTROL HP6318,c82672cd-897e-4bd6-b9f0-6a0f1ffc6248-002ec296,LEVEL 06,HP-C63B
HP4110U,CONF(12) HP4110U,0d260a51-9937-4198-9d34-e7c16045e406-0047680f,LEVEL 04,HP-C41A;HP4110UA
HP2302,CLASSROOM HP2302,2c3aeebf-9efc-49ce-bebf-10c0ab60929a-003143e6,LEVEL 02,HP-ST-502;HP-ST-602;HP-ST-202;HP7001A;HP7001;HP-ST-402
HP6312,CONTROL HP6312,c82672cd-897e-4bd6-b9f0-6a0f1ffc6248-002ec29f,LEVEL 06,HP-C63B
HP6326,CONTROL HP6326,c82672cd-897e-4bd6-b9f0-6a0f1ffc6248-002ec2aa,LEVEL 06,HP6330;HP-C63B
HP6320,CONTROL HP6320,c82672cd-897e-4bd6-b9f0-6a0f1ffc6248-002ec2b3,LEVEL 06,HP-C63B
HP5312,HEALTH ASSESSMENT HP5312,6acf317e-b7cb-4225-a9ba-636eea3772fe-002be0dc,LEVEL 05,HP5002
HP4110G,OFFICE HP4110G,8761029a-7949-451f-bead-5894f98e32b0-00486545,LEVEL 04,HP-C41A;HP4110H;HP4110J
HP4110H,OFFICE HP4110H,8761029a-7949-451f-bead-5894f98e32b0-00486546,LEVEL 04,HP-C41A;HP4110G;HP4110J
HP4110J,OFFICE HP4110J,8761029a-7949-451f-bead-5894f98e32b0-00486547,LEVEL 04,HP4110K;HP-C41A;HP4110G;HP4110H
HP4110K,OFFICE HP4110K,8761029a-7949-451f-bead-5894f98e32b0-00486548,LEVEL 04,HP-C41A;HP4110J
HP4110M,OFFICE HP4110M,8761029a-7949-451f-bead-5894f98e32b0-00486549,LEVEL 04,HP-C41A;HP4110Q;HP4110N;HP4110P;HP4110R;HP4110S
HP4110N,OFFICE HP4110N,8761029a-7949-451f-bead-5894f98e32b0-0048654a,LEVEL 04,HP-C41A;HP4110Q;HP4110M;HP4110R;HP4110P;HP4110S
HP4110P,OFFICE HP4110P,8761029a-7949-451f-bead-5894f98e32b0-0048654b,LEVEL 04,HP-C41A;HP4110Q;HP4110M;HP4110N;HP4110R;HP4110S
HP4110D,OFFICE HP4110D,8761029a-7949-451f-bead-5894f98e32b0-0048654c,LEVEL 04,HP-C41A;HP4110C;HP4110E
HP3151,RESEARCH HP3151,19efacc1-ae3b-4e9f-99ca-6fedd68a9eba-0031af06,LEVEL 03,HP3010D;HP3157A;HP-C31F;HP5220;HP3140M;HP3010C;HP3153;HP3157;HP3140L;HP3155
HP4110Q,OFFICE HP4110Q,8761029a-7949-451f-bead-5894f98e32b0-00486551,LEVEL 04,HP-C41A;HP4110M;HP4110N;HP4110P;HP4110R;HP4110S
HP4110C,OFFICE HP4110C,8761029a-7949-451f-bead-5894f98e32b0-00486554,LEVEL 04,HP-C41A;HP4110D;HP4110E
HP3120Q,OFFICE HP3120Q,19efacc1-ae3b-4e9f-99ca-6fedd68a9eba-0031aff6,LEVEL 03,HP3120U;HP3120Y;HP3120P;HP-C31B;HP3120S;HP3120W;HP3120V;HP3120R
HP3140B,STAFF OFFICE HP3140B,19efacc1-ae3b-4e9f-99ca-6fedd68a9eba-0031affe,LEVEL 03,HP3140C;HP3140D;HP3140E;HP3140F;HP-C31E
HP4120P,CHAIR OFFICE HP4120P,8761029a-7949-451f-bead-5894f98e32b0-00486563,LEVEL 04,HP4120Q;HP4120U;HP4120W;HP4120R;HP-C41B;HP4120S;HP4120X;HP4120V
HP4110R,OFFICE HP4110R,8761029a-7949-451f-bead-5894f98e32b0-0048656a,LEVEL 04,HP-C41A;HP4110Q;HP4110M;HP4110N;HP4110P;HP4110S
HP4110S,OFFICE HP4110S,8761029a-7949-451f-bead-5894f98e32b0-0048656e,LEVEL 04,HP-C41A;HP4110Q;HP4110M;HP4110N;HP4110P;HP4110R
HP4110T,CHAIR OFFICE HP4110T,8761029a-7949-451f-bead-5894f98e32b0-0048656f,LEVEL 04,HP-C41A
HP2312,CLASSROOM HP2312,a6083ce5-39cd-4e7d-a6ab-a06e6cb67850-0032e526,LEVEL 02,HP2310;HP2002;HP2004
HP5130C,OPEN HUDDLE HP5130C,21958d62-3273-46ac-b7c7-ea989ee8612c-00477a90,LEVEL 05,HP5120E;HP5120A;HP5120D;HP-C51C;HP5120J;HP5120B;HP5120F;HP5120H;HP5120K;HP5120L;HP5120N;HP5120M;HP5120C;HP5120G
HP3304,CLASSROOM HP3304,20d7622d-978b-49e2-a948-380dc195da73-002d5389,LEVEL 03,HP3304B;HP-ST-304;1956;HP3002;HP3304A;HP3306
HP3306,CLASSROOM HP3306,20d7622d-978b-49e2-a948-380dc195da73-002d538b,LEVEL 03,HP-ST-304;HP3308;1956;HP3002;HP3304;HP3306A
HP2010A,JAN HP2010A,462e8ff1-7afd-4920-8777-43fbe4ebeffb-004a0e37,LEVEL 02,HP-C20A;HP2005
HP6329,SUPPLY HP6329,6773639c-9b42-4945-ba92-0031657181cc-00423869,LEVEL 06,HP-C60C;HP6330
HP7001,MECHANICAL PENTHOUSE HP7001,b4f760a5-b736-4f8b-a16c-88120526f31b-01666e35,PENTHOUSE,HP2302;HP-ST-302;HP4304;HP7001B;HP-ST-202;HP-ST-502;HP0010;HP-ST-102;HP-ST-602;HP-ST-PH02;HP7001A;HP-ST-402
HP4017,DATA HP4017,a05fb23f-c6e1-479f-a1ac-3774cb666868-005b1a36,LEVEL 04,HP-C40A;HP2302N
HP2001B,CAFE SERVERY HP2001B,3918e453-1d0a-42b3-b1a6-8b3b7ac58c59-0055a8aa,LEVEL 02,HP2001C
HP2306B,CLO. HP2306B,4ccbea87-fb27-408e-a31f-2ba8d10f9e8a-006d0816,LEVEL 02,HP-ST-201;HP2306;HP2002;HP2004
HP6011,TOILET HP6011,a83e5733-447c-485e-b2eb-e5ad46d359db-004783c3,LEVEL 06,HP-C61A;HP6100S;HP-C60A;HP6013
HP6015,ELECT HP6015,a83e5733-447c-485e-b2eb-e5ad46d359db-004783c4,LEVEL 06,HP-C60A
HP6017,DATA HP6017,a83e5733-447c-485e-b2eb-e5ad46d359db-004783c5,LEVEL 06,HP-C60A
HP6210,PREBRIEF HP6210,8a8ed395-d2d4-4bca-9433-fa2bac1c2409-002d92ed,LEVEL 06,HP6206;HP6208;HP6204;HP6201;HP6202A;HP6202
HP6013,TOILET HP6013,a83e5733-447c-485e-b2eb-e5ad46d359db-004783c7,LEVEL 06,HP6011;HP-C60A
HP6202A,SUPPLY/EQUIPMENT STORAGE HP6202A,8a8ed395-d2d4-4bca-9433-fa2bac1c2409-002d92f9,LEVEL 06,HP6206;HP6208;HP6204;HP6201;HP6202;HP6210
HP6202,MANIKIN PREP HP6202,8a8ed395-d2d4-4bca-9433-fa2bac1c2409-002d92fb,LEVEL 06,HP6206;HP6208;HP6204;HP6201;HP6202A;HP6210
HP3310,CLASSROOM HP3310,bddf1669-ea15-4c5e-a2a9-34e4075e83bc-002bfc79,LEVEL 03,HP-ST-304;1956;HP3310A;HP3312A;HP3002
HP3312,CLASSROOM HP3312,bddf1669-ea15-4c5e-a2a9-34e4075e83bc-002bfc7c,LEVEL 03,HP-ST-304;1956;HP3312A;HP3002;HP3005
HP3202,COMPUTER CLASSROOM HP3202,20d7622d-978b-49e2-a948-380dc195da73-002d53d3,LEVEL 03,HP-ST-304;1956;HP3204;HP3001;HP3002
HP3204,COMPUTER CLASSROOM HP3204,20d7622d-978b-49e2-a948-380dc195da73-002d53d4,LEVEL 03,HP-ST-304;1956;HP3202;HP3208A;HP3002;HP3206A;HP3001;HP3208;HP3206
HP3208,CLASSROOM (30) HP3208,20d7622d-978b-49e2-a948-380dc195da73-002d53d5,LEVEL 03,HP-C30B;HP3204;HP3208A;HP3206;HP3206A
HP3206,CLASSROOM (30) HP3206,20d7622d-978b-49e2-a948-380dc195da73-002d53d6,LEVEL 03,HP3206A;HP3204;HP3208;HP3208A;HP-C30B
HP2005,MAINT CLOSET HP2005,7c115f3e-3a32-4619-bab5-20cd91fb6b9b-00f52f7d,LEVEL 02,HP-C20A;HP2017;HP2010A
HP3120B,OFFICE HP3120B,20d7622d-978b-49e2-a948-380dc195da73-002d53e7,LEVEL 03,HP-C31C;HP3100B;HP3130D;HP3120E;HP3120F;HP3120G;HP3120K;HP3120J;HP3120M;HP3120D;HP3100
HP3120E,OFFICE HP3120E,20d7622d-978b-49e2-a948-380dc195da73-002d53e8,LEVEL 03,HP3100B;HP3130D;HP3120B;HP3120K;HP3120F;HP3120G;HP3120M;HP3120J;HP3120D;HP3100;HP-C31C
HP3120F,OFFICE HP3120F,20d7622d-978b-49e2-a948-380dc195da73-002d53e9,LEVEL 03,HP3100B;HP3130D;HP3120B;HP3120E;HP3120K;HP3120G;HP3120M;HP3120J;HP3120D;HP3100;HP-C31C
HP3120G,OFFICE HP3120G,20d7622d-978b-49e2-a948-380dc195da73-002d53ea,LEVEL 03,HP3100B;HP3130D;HP3120B;HP3120E;HP3120F;HP3120K;HP3120M;HP3120J;HP3120D;HP3100;HP-C31C
HP3120J,OFFICE HP3120J,20d7622d-978b-49e2-a948-380dc195da73-002d53ec,LEVEL 03,HP3100B;HP3130D;HP3120B;HP3120E;HP3120F;HP3120G;HP3120K;HP3120M;HP3120D;HP3100;HP-C31C
HP3120T,STAFF OFFICE HP3120T,20d7622d-978b-49e2-a948-380dc195da73-002d53ed,LEVEL 03,HP-C31B
HP3140F,STAFF OFFICE HP3140F,20d7622d-978b-49e2-a948-380dc195da73-002d53ee,LEVEL 03,HP3140C;HP3140B;HP3140D;HP-C31F;HP3140E;HP3140G;HP-C31E
HP6354,EXAM HP6354,7cbb3b65-3975-4b7e-9122-8d37a9f4dbdf-00425cae,LEVEL 06,HP6362;HP6358;HP6356;HP-C63C;HP-C63D;HP6360
HP4120B,OFFICE HP4120B,5bf14f86-8e94-4f94-a5a8-ff8cf01c321e-0044dde4,LEVEL 04,HP4120K;HP-C41C;HP4120E;HP4120F;HP4120G;HP4120J;HP4120D;HP4120M;HP4130D
HP6308,MED HP6308,8a8ed395-d2d4-4bca-9433-fa2bac1c2409-002d9333,LEVEL 06,HP-C63B;HP6310
HP4120E,OFFICE HP4120E,5bf14f86-8e94-4f94-a5a8-ff8cf01c321e-0044dde5,LEVEL 04,HP4120K;HP-C41C;HP4120B;HP4120F;HP4120G;HP4120J;HP4120D;HP4120M;HP4130D
HP6323,LINEN HP6323,8a8ed395-d2d4-4bca-9433-fa2bac1c2409-002d9335,LEVEL 06,HP6330;HP6325;HP-C63B
HP4120F,OFFICE HP4120F,5bf14f86-8e94-4f94-a5a8-ff8cf01c321e-0044dde6,LEVEL 04,HP4120K;HP-C41C;HP4120B;HP4120E;HP4120G;HP4120J;HP4120D;HP4120M;HP4130D
HP3140G,HUDDLE HP3140G,a045cbcc-5edf-4c28-9d40-49ae37617c41-003ba83e,LEVEL 03,HP3140H;HP-C31F;HP5220;HP3140F
HP4120G,OFFICE HP4120G,5bf14f86-8e94-4f94-a5a8-ff8cf01c321e-0044dde7,LEVEL 04,HP4120K;HP-C41C;HP4120B;HP4120E;HP4120F;HP4120J;HP4120D;HP4120M;HP4130D
HP4120J,OFFICE HP4120J,5bf14f86-8e94-4f94-a5a8-ff8cf01c321e-0044dde8,LEVEL 04,HP4120K;HP-C41C;HP4120B;HP4120E;HP4120F;HP4120G;HP4120D;HP4130D;HP4120M
HP4120T,STAFF OFFICE HP4120T,5bf14f86-8e94-4f94-a5a8-ff8cf01c321e-0044dde9,LEVEL 04,HP-C41B
HP4120M,OFFICE HP4120M,5bf14f86-8e94-4f94-a5a8-ff8cf01c321e-0044ddea,LEVEL 04,HP4120K;HP-C41C;HP4120B;HP4120E;HP4120F;HP4120G;HP4120J;HP4120D;HP4130D
HP4101,WORKRM/STOR HP4101,a05fb23f-c6e1-479f-a1ac-3774cb666868-005b1a97,LEVEL 04,HP-C41A;HP4011
HP4120H,STAFF OFFICE HP4120H,5bf14f86-8e94-4f94-a5a8-ff8cf01c321e-0044ddf1,LEVEL 04,HP-C41C
HP3012,TOILET HP3012,d685d01c-e7d4-4cf1-8630-ba07ce79164f-003244ec,LEVEL 03,HP3010;HP3010A
HP3140AA,OFFICE HP3140AA,9bd9cfa5-f08b-4698-a9e3-5b7ca03eec69-003f38d9,LEVEL 03,HP3140Z;HP3140Y;HP-C31F
HP4120D,OFFICE HP4120D,5bf14f86-8e94-4f94-a5a8-ff8cf01c321e-0044ddf8,LEVEL 04,HP4120K;HP-C41C;HP4120B;HP4120E;HP4120F;HP4120G;HP4120J;HP4130D;HP4120M
HP3140Z,OFFICE HP3140Z,9bd9cfa5-f08b-4698-a9e3-5b7ca03eec69-003f38da,LEVEL 03,HP3140AA;HP3140Y;HP-C31F
HP3140Y,OFFICE HP3140Y,9bd9cfa5-f08b-4698-a9e3-5b7ca03eec69-003f38db,LEVEL 03,HP3140U;HP3140S;HP3140R;HP-C31F;HP3140X;HP3140W;HP3140V;HP3140N;HP3140AA;HP3140Z;HP3140T;HP3140P;HP3140Q
HP3140T,OFFICE HP3140T,9bd9cfa5-f08b-4698-a9e3-5b7ca03eec69-003f38dc,LEVEL 03,HP3140U;HP3140S;HP3140R;HP3140N;HP-C31F;HP3140X;HP3140W;HP3140V;HP3140Y;HP3140P;HP3140Q
HP3110U,CONF(12) HP3110U,3daa2093-bf98-47c1-9fea-f14e5e92cab5-0035f09f,LEVEL 03,HP-C31A;HP3110UA
HP3140P,OFFICE HP3140P,9bd9cfa5-f08b-4698-a9e3-5b7ca03eec69-003f38dd,LEVEL 03,HP3140U;HP3140S;HP3140R;HP3140N;HP-C31F;HP3140X;HP3140W;HP3140V;HP3140Y;HP3140T;HP3140Q
HP5202,FOUNDATION SKILLS HP5202,a1fa4f9a-2c19-45b2-9804-0db8c403c3eb-002d813a,LEVEL 05,HP5002
HP3140Q,OFFICE HP3140Q,9bd9cfa5-f08b-4698-a9e3-5b7ca03eec69-003f38de,LEVEL 03,HP3140U;HP3140S;HP3140R;HP3140N;HP-C31F;HP3140X;HP3140W;HP3140V;HP3140Y;HP3140T;HP3140P
HP4110E,OFFICE HP4110E,8761029a-7949-451f-bead-5894f98e32b0-00486606,LEVEL 04,HP-C41A;HP4110D;HP4110C
HP5120B,OFFICE HP5120B,5bf14f86-8e94-4f94-a5a8-ff8cf01c321e-0044df0b,LEVEL 05,HP5130C;HP5120F;HP5120H;HP5120K;HP5120L;HP5120D;HP5120M;HP-C51C;HP5120N
HP5120F,OFFICE HP5120F,5bf14f86-8e94-4f94-a5a8-ff8cf01c321e-0044df0c,LEVEL 05,HP5130C;HP5120B;HP5120H;HP5120K;HP5120L;HP5120D;HP5120M;HP-C51C;HP5120N
HP5120H,OFFICE HP5120H,5bf14f86-8e94-4f94-a5a8-ff8cf01c321e-0044df0d,LEVEL 05,HP5130C;HP5120B;HP5120F;HP5120N;HP5120K;HP5120L;HP5120D;HP5120M;HP-C51C
HP5120K,OFFICE HP5120K,5bf14f86-8e94-4f94-a5a8-ff8cf01c321e-0044df0e,LEVEL 05,HP5130C;HP5120B;HP5120F;HP5120H;HP5120N;HP5120L;HP5120D;HP5120M;HP-C51C
HP3140CC,OFFICE HP3140CC,9afeaf80-f594-4102-b0b7-6d15b121cf9f-00485d02,LEVEL 03,HP3140DD;HP-C31F;HP-C31D;HP3140GG;HP3140HH;HP3140FF;HP3140EE
HP5120L,OFFICE HP5120L,5bf14f86-8e94-4f94-a5a8-ff8cf01c321e-0044df0f,LEVEL 05,HP5130C;HP5120B;HP5120F;HP5120H;HP5120K;HP5120D;HP-C51C;HP5120M;HP5120N
HP5120V,STAFF OFFICE HP5120V,5bf14f86-8e94-4f94-a5a8-ff8cf01c321e-0044df10,LEVEL 05,HP5120X;HP5120BB;HP-C51B;HP5120Z
HP5120M,OFFICE HP5120M,5bf14f86-8e94-4f94-a5a8-ff8cf01c321e-0044df11,LEVEL 05,HP5130C;HP5120B;HP5120F;HP5120H;HP5120K;HP5120L;HP5120D;HP-C51C;HP5120N
HP3140U,OFFICE HP3140U,9bd9cfa5-f08b-4698-a9e3-5b7ca03eec69-003f38e0,LEVEL 03,HP3140N;HP3140S;HP3140R;HP-C31F;HP3140X;HP3140W;HP3140V;HP3140Y;HP3140T;HP3140P;HP3140Q
HP3140S,OFFICE HP3140S,9bd9cfa5-f08b-4698-a9e3-5b7ca03eec69-003f38e1,LEVEL 03,HP3140U;HP3140N;HP3140R;HP-C31F;HP3140X;HP3140W;HP3140V;HP3140Y;HP3140T;HP3140P;HP3140Q
HP3013,TOILET HP3013,d685d01c-e7d4-4cf1-8630-ba07ce79164f-003244f2,LEVEL 03,HP-C30A
HP3140R,OFFICE HP3140R,9bd9cfa5-f08b-4698-a9e3-5b7ca03eec69-003f38e2,LEVEL 03,HP3140U;HP3140S;HP3140N;HP-C31F;HP3140X;HP3140W;HP3140V;HP3140Y;HP3140T;HP3140P;HP3140Q
HP3010,TOILET HP3010,d685d01c-e7d4-4cf1-8630-ba07ce79164f-003244f5,LEVEL 03,HP3012;HP3010A
HP3140X,OFFICE HP3140X,9bd9cfa5-f08b-4698-a9e3-5b7ca03eec69-003f38e5,LEVEL 03,HP3140U;HP3140S;HP3140R;HP3140N;HP-C31F;HP3140W;HP3140V;HP3140Y;HP3140T;HP3140P;HP3140Q
HP3015,ELECT HP3015,d685d01c-e7d4-4cf1-8630-ba07ce79164f-003244f8,LEVEL 03,HP-C30A
HP3140W,OFFICE HP3140W,9bd9cfa5-f08b-4698-a9e3-5b7ca03eec69-003f38e6,LEVEL 03,HP3140U;HP3140S;HP3140R;HP3140N;HP-C31F;HP3140X;HP3140V;HP3140Y;HP3140T;HP3140P;HP3140Q
HP3017,DATA HP3017,d685d01c-e7d4-4cf1-8630-ba07ce79164f-003244fb,LEVEL 03,HP-C30A
HP3140V,OFFICE HP3140V,9bd9cfa5-f08b-4698-a9e3-5b7ca03eec69-003f38e7,LEVEL 03,HP3140U;HP3140S;HP3140R;HP3140N;HP-C31F;HP3140X;HP3140W;HP3140Y;HP3140T;HP3140P;HP3140Q
HP3110G,OFFICE HP3110G,20d7622d-978b-49e2-a948-380dc195da73-002d5423,LEVEL 03,HP-C31A;HP3110H;HP3110J
HP3110H,OFFICE HP3110H,20d7622d-978b-49e2-a948-380dc195da73-002d5424,LEVEL 03,HP-C31A;HP3110G;HP3110J
HP3110K,OFFICE HP3110K,20d7622d-978b-49e2-a948-380dc195da73-002d5425,LEVEL 03,HP-C31A;HP3110J
HP3110J,OFFICE HP3110J,20d7622d-978b-49e2-a948-380dc195da73-002d5426,LEVEL 03,HP-C31A;HP3110G;HP3110H;HP3110K
HP5120D,OFFICE HP5120D,5bf14f86-8e94-4f94-a5a8-ff8cf01c321e-0044df1f,LEVEL 05,HP5130C;HP5120B;HP5120F;HP5120H;HP5120K;HP5120L;HP-C51C;HP5120M;HP5120N
HP2200C,AV SUPPORT HP2200C,7d19581c-2f2d-4e87-a876-c93386b5b3b6-0049fecc,LEVEL 02,HP2200B
HP3110M,OFFICE HP3110M,20d7622d-978b-49e2-a948-380dc195da73-002d5429,LEVEL 03,HP3110S;HP3110Q;HP3110R;HP3110N;HP-C31A;HP3110P
HP3110N,OFFICE HP3110N,20d7622d-978b-49e2-a948-380dc195da73-002d542a,LEVEL 03,HP3110S;HP3110Q;HP3110M;HP3110R;HP-C31A;HP3110P
HP3110P,OFFICE HP3110P,20d7622d-978b-49e2-a948-380dc195da73-002d542c,LEVEL 03,HP3110S;HP3110Q;HP3110M;HP3110N;HP3110R;HP-C31A
HP3302,CLASSROOM HP3302,20d7622d-978b-49e2-a948-380dc195da73-002d542d,LEVEL 03,HP-ST-304;HP3003;1956;HP3002
HP-C41F,ADMIN CORR. HP-C41F,1192b38b-86e4-4f47-ae4d-0e23108f4710-0089b131,LEVEL 04,HP4140HH;HP4140Z;HP4140Y;HP4140X;HP4140S;HP4140N;HP4140P;HP4002;HP4140T;HP4140R;HP4140Q;HP4140CC;HP4140W;HP4140V;HP4140U;HP4140F;HP4153;HP4157;HP4155;HP4140E;HP4140M;HP4151;HP4140FF;HP4140EE;HP4140DD;HP4140GG;HP-C41D
HP3120A,WORKROOM/STORAGE HP3120A,484585ff-557f-4d0c-95e9-ab9d3c1b78e2-003ac33e,LEVEL 03,HP3120X;HP3120C;HP-C31B;HP3100;HP3100B;HP-C31C
HP5226,ADMIN CORR. HP5226,1192b38b-86e4-4f47-ae4d-0e23108f4710-0089b134,LEVEL 04,HP4140F;HP4140K;HP4130E;HP4140H;HP4130C;HP4209;HP4151;HP4140L;HP4140J;HP4140G
HP-C41D,ADMIN CORR. HP-C41D,1192b38b-86e4-4f47-ae4d-0e23108f4710-0089b137,LEVEL 04,HP-C41F;HP4140A;HP4140FF;HP4140EE;HP4140HH;HP4140DD;HP4140GG;HP4140CC
HP3140N,OFFICE HP3140N,9bd9cfa5-f08b-4698-a9e3-5b7ca03eec69-003f3910,LEVEL 03,HP3140U;HP3140S;HP3140R;HP-C31F;HP3140X;HP3140W;HP3140V;HP3140Y;HP3140T;HP3140P;HP3140Q
HP3120H,STAFF OFFICE HP3120H,a045cbcc-5edf-4c28-9d40-49ae37617c41-003ba889,LEVEL 03,HP3100;HP3100B;HP-C31C
HP6367,SP DRESSING HP6367,38af3e36-96bc-49f2-843a-0ad7a3bc9150-002cc3bc,LEVEL 06,HP6363;HP6365
HP3130C,TOILET HP3130C,a045cbcc-5edf-4c28-9d40-49ae37617c41-003ba893,LEVEL 03,HP5220;HP3140K;HP3140J
HP3140K,STAFF OFFICE HP3140K,a045cbcc-5edf-4c28-9d40-49ae37617c41-003ba896,LEVEL 03,HP3130C;HP5220;HP3140J
HP3140J,STAFF OFFICE HP3140J,a045cbcc-5edf-4c28-9d40-49ae37617c41-003ba897,LEVEL 03,HP3130C;HP5220;HP3140K
HP5110U,CONF(12) HP5110U,9e5ddc49-9c23-41c3-ba82-e1c63dc4fc5b-00712d97,LEVEL 05,HP5110UA;HP-C51A
HP5101,WORKRM/STOR HP5101,9e5ddc49-9c23-41c3-ba82-e1c63dc4fc5b-00712d9a,LEVEL 05,HP5011;HP-C51A
HP3140L,STAFF OFFICE HP3140L,a045cbcc-5edf-4c28-9d40-49ae37617c41-003ba89e,LEVEL 03,HP3010D;HP3010C;HP3151;HP3140M;HP5220
HP-C41C,"ADMIN CORR, HP-C41C",8df684a3-eb47-49ac-8d34-df8266b25986-004ce710,LEVEL 04,HP4120K;HP4120A;HP4120H;HP4120C;HP4120D;HP4120AA;HP4120B;HP4120E;HP4120F;HP4120G;HP4120J;HP4130D;HP4120M
HP-C50AA,VENDING / TRASH+RECYCLING HP-C50AA,9e5ddc49-9c23-41c3-ba82-e1c63dc4fc5b-00712e4c,LEVEL 05,HP-EL-2;HP-EL-2;HP-EL-1;HP-EL-1;HP-EL-2;HP-EL-1;HP-EL-1;HP-EL-2;HP-EL-1;HP1014;HP-EL-2;HP-EL-1;HP-EL-2;HP-EL-2;HP-EL-1
HP1012A,SHOWER HP1012A,5f3a2586-1d2a-4161-9c22-89dcdffbc356-004af9e4,LEVEL 01,HP1012
HP2002,EAST ATRIUM HP2002,6218d673-ab35-4d65-8f62-38000ea1508b-004ac3ae,LEVEL 02,HP2200A;HP2312;HP2310;HP-ST-201;HP2303;HP-ST-202;HP-EL-2;HP2203;HP2002B;HP2306B;HP2002A;HP2303A;HP-EL-1;HP2004;HP2200B
HP-C41E,ADMIN CORR. HP-C41E,8df684a3-eb47-49ac-8d34-df8266b25986-004ce716,LEVEL 04,HP4140E;HP4140C;HP4140D;HP4140B
HP3140M,STAFF OFFICE HP3140M,a045cbcc-5edf-4c28-9d40-49ae37617c41-003ba8a6,LEVEL 03,HP3010D;HP3010C;HP3151;HP3140L;HP5220
HP3120M,OFFICE HP3120M,484585ff-557f-4d0c-95e9-ab9d3c1b78e2-003ac6ee,LEVEL 03,HP3100B;HP3130D;HP3120B;HP3120E;HP3120F;HP3120G;HP3120K;HP3120J;HP3120D;HP3100;HP-C31C
HP1200A,VESTIBULE HP1200A,fb8b809e-bd1b-4568-950a-2a1c0420a3d5-004acce5,LEVEL 01,HP1000C;HP2202;HP1200
HP1200B,VESTIBULE HP1200B,fb8b809e-bd1b-4568-950a-2a1c0420a3d5-004acce8,LEVEL 01,HP1000C;HP2202;HP1200
HP5306,HEALTH ASSESSMENT HP5306,a1fa4f9a-2c19-45b2-9804-0db8c403c3eb-002d81bc,LEVEL 05,HP5002
HP2017,ELECT HP2017,462e8ff1-7afd-4920-8777-43fbe4ebeffb-004a0625,LEVEL 02,HP2005
HP3010A,JAN HP3010A,080fb163-97a4-4ffb-bc78-8c98df03bef8-006d090d,LEVEL 03,HP3012;HP3010
HP3140A,CONF(8) HP3140A,35e3559f-2452-4714-ae78-f29c9f2f8e69-00311b60,LEVEL 03,HP-C31D
HP5130,ADMIN ENTRY HP5130,cac56560-baa1-4997-99a9-6340b42fb4c3-004ceb27,LEVEL 05,HP5130B;HP5130A
HP6346,SP CONTROL HP6346,ac9d02d6-eaa6-40d3-a423-9994b1fbc6cc-0042d080,LEVEL 06,HP-C63C;HP-C63D
HP-C51C,ADMIN CORR. HP-C51C,cac56560-baa1-4997-99a9-6340b42fb4c3-004ceb2a,LEVEL 05,HP5120E;HP5120A;HP5120D;HP5120J;HP5130C;HP5120B;HP5120F;HP5120H;HP5120K;HP5120L;HP5120N;HP5120M;HP5120C;HP5120G
HP5120U,OFFICE HP5120U,4a653e06-fb9a-4797-9441-327d6da0ffac-0044cd1a,LEVEL 05,HP5120S;HP5120Y;HP5120T;HP5120AA;HP5120Q;HP5120W;HP-C51B;HP5120R
HP4308A,AV CLO. HP4308A,7d318c75-447d-4ef8-9c1f-27c12d2df25a-006b729b,LEVEL 04,HP4308
HP4304A,AV CLO. HP4304A,7d318c75-447d-4ef8-9c1f-27c12d2df25a-006b729e,LEVEL 04,HP4304;HP4002
HP6322,SIM: CC HP6322,8a8ed395-d2d4-4bca-9433-fa2bac1c2409-002d93fe,LEVEL 06,HP-C63B
HP6324,SIM: CC HP6324,8a8ed395-d2d4-4bca-9433-fa2bac1c2409-002d93ff,LEVEL 06,HP-C63B
HP6314,SIM: MS HP6314,8a8ed395-d2d4-4bca-9433-fa2bac1c2409-002d9400,LEVEL 06,HP-C63B
HP6316,SIM: MS HP6316,8a8ed395-d2d4-4bca-9433-fa2bac1c2409-002d9401,LEVEL 06,HP-C63B
HP4120U,OFFICE HP4120U,4a653e06-fb9a-4797-9441-327d6da0ffac-0044cd21,LEVEL 04,HP4120Q;HP4120P;HP4120W;HP4120R;HP-C41B;HP4120S;HP4120X;HP4120V
HP5110A,CONF(8) HP5110A,ef8ee73c-3cba-4c36-b4b2-71ef690105b8-007a506e,LEVEL 05,HP-C51A
HP7001A,ELECT ROOM HP7001A,f979e28d-8e0d-478a-8de2-d3f4d8c2cabf-013af91a,PENTHOUSE,HP-ST-502;HP2302;HP-ST-602;HP-ST-202;HP7001;HP-ST-402
HP3153,RESEARCH HP3153,30a418a7-bdd0-4972-b5b3-bfc48f78d0c3-003066ec,LEVEL 03,HP3157A;HP-C31F;HP3157;HP3155;HP3151
HP3157,RESEARCH HP3157,30a418a7-bdd0-4972-b5b3-bfc48f78d0c3-003066ed,LEVEL 03,HP-C31F;HP3153;HP3151;HP3155;HP3157A
HP3155,RESEARCH HP3155,30a418a7-bdd0-4972-b5b3-bfc48f78d0c3-003066ee,LEVEL 03,HP-C31F;HP3153;HP3157;HP3151;HP3157A
HP7001B,ELECT CLOSET HP7001B,f979e28d-8e0d-478a-8de2-d3f4d8c2cabf-013afa52,PENTHOUSE,HP7001
HP6325,SUPPLY HP6325,8a8ed395-d2d4-4bca-9433-fa2bac1c2409-002d9434,LEVEL 06,HP6330;HP-C63B;HP6323
HP5206,MAKER SPACE STORAGE HP5206,a1fa4f9a-2c19-45b2-9804-0db8c403c3eb-002d8224,LEVEL 05,HP-C50B
HP5208,SKILLS LAB STORAGE HP5208,a1fa4f9a-2c19-45b2-9804-0db8c403c3eb-002d8225,LEVEL 05,HP5233
HP5304,SEMINAR HP5304,a1fa4f9a-2c19-45b2-9804-0db8c403c3eb-002d8228,LEVEL 05,HP5002
HP5302,CLASSROOM HP5302,a1fa4f9a-2c19-45b2-9804-0db8c403c3eb-002d822f,LEVEL 05,HP5003;HP5002
HP5110B,CLO. HP5110B,e2133ce8-3912-4b13-95ba-19918877e439-00477320,LEVEL 05,HP-C51A
HP4140Z,OFFICE HP4140Z,7d28afc0-14ff-4e4b-a1a6-46e8b8ac765e-0044d686,LEVEL 04,HP4140X;HP-C41F;HP4140Y
HP4140Y,OFFICE HP4140Y,7d28afc0-14ff-4e4b-a1a6-46e8b8ac765e-0044d687,LEVEL 04,HP4140X;HP-C41F;HP4140Z
HP4140X,OFFICE HP4140X,7d28afc0-14ff-4e4b-a1a6-46e8b8ac765e-0044d688,LEVEL 04,HP4140M;HP4140Z;HP4140Y;HP4140S;HP4140N;HP4140P;HP4140T;HP4140R;HP4140Q;HP4140W;HP4140V;HP4140U;HP-C41F
HP4140S,OFFICE HP4140S,7d28afc0-14ff-4e4b-a1a6-46e8b8ac765e-0044d689,LEVEL 04,HP4140W;HP4140V;HP4140U;HP4140M;HP-C41F;HP4140X;HP4140N;HP4140P;HP4140T;HP4140R;HP4140Q
HP4140N,OFFICE HP4140N,7d28afc0-14ff-4e4b-a1a6-46e8b8ac765e-0044d68a,LEVEL 04,HP4140W;HP4140V;HP4140U;HP4140M;HP-C41F;HP4140X;HP4140S;HP4140P;HP4140T;HP4140R;HP4140Q
HP4140P,OFFICE HP4140P,7d28afc0-14ff-4e4b-a1a6-46e8b8ac765e-0044d68b,LEVEL 04,HP4140W;HP4140V;HP4140U;HP4140M;HP-C41F;HP4140X;HP4140S;HP4140N;HP4140T;HP4140R;HP4140Q
HP4140T,OFFICE HP4140T,7d28afc0-14ff-4e4b-a1a6-46e8b8ac765e-0044d68d,LEVEL 04,HP4140W;HP4140V;HP4140U;HP4140M;HP-C41F;HP4140X;HP4140S;HP4140N;HP4140P;HP4140R;HP4140Q
HP4140R,OFFICE HP4140R,7d28afc0-14ff-4e4b-a1a6-46e8b8ac765e-0044d68e,LEVEL 04,HP4140W;HP4140V;HP4140U;HP4140M;HP-C41F;HP4140X;HP4140S;HP4140N;HP4140P;HP4140T;HP4140Q
HP4140Q,OFFICE HP4140Q,7d28afc0-14ff-4e4b-a1a6-46e8b8ac765e-0044d68f,LEVEL 04,HP4140W;HP4140V;HP4140U;HP4140M;HP-C41F;HP4140X;HP4140S;HP4140N;HP4140P;HP4140T;HP4140R
HP4140W,OFFICE HP4140W,7d28afc0-14ff-4e4b-a1a6-46e8b8ac765e-0044d691,LEVEL 04,HP4140M;HP4140V;HP4140U;HP-C41F;HP4140X;HP4140S;HP4140N;HP4140P;HP4140T;HP4140R;HP4140Q
HP4140V,OFFICE HP4140V,7d28afc0-14ff-4e4b-a1a6-46e8b8ac765e-0044d692,LEVEL 04,HP4140W;HP4140M;HP4140U;HP-C41F;HP4140X;HP4140S;HP4140N;HP4140P;HP4140T;HP4140R;HP4140Q
HP4140U,OFFICE HP4140U,7d28afc0-14ff-4e4b-a1a6-46e8b8ac765e-0044d693,LEVEL 04,HP4140W;HP4140V;HP4140M;HP-C41F;HP4140X;HP4140S;HP4140N;HP4140P;HP4140T;HP4140R;HP4140Q
HP-ST-503,STAIR 03 HP-ST-503,10da9b0b-831f-4221-ac76-9ea0eb3a245e-004af1a7,LEVEL 05,HP-C51A
HP4202,ADL CLASS LAB HP4202,7d138358-9f87-4466-8f01-402102411f74-002c18fb,LEVEL 04,HP4002;HP4210;HP4204
HP4140M,OFFICE HP4140M,7d28afc0-14ff-4e4b-a1a6-46e8b8ac765e-0044d6a1,LEVEL 04,HP4140W;HP4140V;HP4140U;HP-C41F;HP4140X;HP4140S;HP4140N;HP4140P;HP4140T;HP4140R;HP4140Q
HP6304,SIM: FLEX HP6304,8a8ed395-d2d4-4bca-9433-fa2bac1c2409-002d947c,LEVEL 06,HP6306;HP-C63A;HP6302
HP-C41A,ADMIN CORR. HP-C41A,59e9e32b-1657-4963-9de1-b02ee200fb61-00479bef,LEVEL 04,HP4110G;HP4011;HP4110J;HP4110K;HP4110M;HP4110N;HP4110P;HP4110R;HP4110H;HP4110S;HP4110T;HP4110U;HP4110Q;HP4110D;HP4110E;HP4110C;HP4110A;HP4110B;HP4101;HP-ST-403
HP-C60C,CORRIDOR HP-C60C,4f93459d-87bb-438e-8ed8-b827dc809597-016effb2,LEVEL 06,HP6330;HP6340;HP6344A;HP-ST-601;HP6329;HP6344;HP6002
HP3140E,STAFF OFFICE HP3140E,a045cbcc-5edf-4c28-9d40-49ae37617c41-003ba9a4,LEVEL 03,HP3140C;HP-C31E;HP3140D;HP3140F;HP3140B
HP6208,DEBRIEF HP6208,8a8ed395-d2d4-4bca-9433-fa2bac1c2409-002d94a0,LEVEL 06,HP6206;HP6204;HP6201;HP6202A;HP6202;HP6210
HP4310,CLASSROOM HP4310,bddf1669-ea15-4c5e-a2a9-34e4075e83bc-002bfe1c,LEVEL 04,HP4002;HP4310A
HP4312,CLASSROOM HP4312,bddf1669-ea15-4c5e-a2a9-34e4075e83bc-002bfe1f,LEVEL 04,HP4002;HP4312A;HP4005
HP-C20A,PUBLIC CORR. HP-C20A,0cfb6f7a-39e0-4c8a-9afd-a6993cdcc558-0089c727,LEVEL 02,HP2014;HP-ST-203;HP2005;HP2010A
HP5017,DATA HP5017,a05fb23f-c6e1-479f-a1ac-3774cb666868-005b1c22,LEVEL 05,HP-C50A
HP6201,LOCKERS HP6201,9a6503e7-5e21-449b-9cfe-c2d8121d7161-00d45b6c,LEVEL 06,HP6206;HP6208;HP6204;HP6202A;HP6202;HP6210
HP3110S,OFFICE HP3110S,9184f9ef-56f8-464d-8752-2bc104b17e34-003b73a0,LEVEL 03,HP3110Q;HP3110M;HP3110N;HP3110R;HP3110P;HP-C31A
HP-ST-303,STAIR 03 HP-ST-303,10da9b0b-831f-4221-ac76-9ea0eb3a245e-004ad710,LEVEL 03,HP-C31A
HP4312A,AV CLO HP4312A,e1ca5255-0d85-472b-baeb-df68c8a9f560-00c46424,LEVEL 04,HP4002;HP4005;HP4312
HP4151,RESEARCH HP4151,a590d2e2-cc1f-4e02-a892-94f67903f45e-003297eb,LEVEL 04,HP-C41F;HP4130E;HP4140K;HP5226;HP4209;HP4140L;HP4153;HP4157;HP4155
HP6100M,OFFICE HP6100M,8a8ed395-d2d4-4bca-9433-fa2bac1c2409-002d94f8,LEVEL 06,HP-C61A;HP6100P;HP6100N;HP6100Q
HP6100G,ASSOC. DEAN HP6100G,8a8ed395-d2d4-4bca-9433-fa2bac1c2409-002d94fa,LEVEL 06,HP6100K;HP6100J;HP6100H;HP-C61A
HP6100J,OFFICE HP6100J,8a8ed395-d2d4-4bca-9433-fa2bac1c2409-002d94fc,LEVEL 06,HP6100K;HP6100G;HP6100H;HP-C61A
HP6100H,OFFICE HP6100H,8a8ed395-d2d4-4bca-9433-fa2bac1c2409-002d94fd,LEVEL 06,HP6100K;HP6100G;HP6100J;HP-C61A
HP6100N,OFFICE HP6100N,8a8ed395-d2d4-4bca-9433-fa2bac1c2409-002d94fe,LEVEL 06,HP6100M;HP-C61A;HP6100P;HP6100Q
HP6100S,WORKRM/ STOR HP6100S,8a8ed395-d2d4-4bca-9433-fa2bac1c2409-002d9509,LEVEL 06,HP6011;HP-C60A;HP-C61A
HP3120X,HUDDLE HP3120X,fa7b4a67-9991-4750-8563-132eb7ac0cc5-00360d80,LEVEL 03,HP3120A;HP-C31B
HP3120C,HUDDLE HP3120C,fa7b4a67-9991-4750-8563-132eb7ac0cc5-00360d83,LEVEL 03,HP3100;HP3120A;HP3100B;HP-C31C
HP4110B,CLO. HP4110B,f865b1a8-17dc-4c9a-869a-0c4dd4373e0b-00b7ab76,LEVEL 04,HP-C41A
HP3110T,CHAIR OFFICE HP3110T,9184f9ef-56f8-464d-8752-2bc104b17e34-003b73f7,LEVEL 03,HP-C31A;HP3110UA
HP4310A,AV CLO. HP4310A,7d318c75-447d-4ef8-9c1f-27c12d2df25a-006b73cd,LEVEL 04,HP4310
HP4209,WELLNESS HP4209,ba831953-ab96-4132-a9be-093afd6c2829-006d409a,LEVEL 04,HP4130E;HP4140K;HP5226;HP-C40B;HP4151;HP4140L;HP4207
HP1000,BUILDING LOBBY HP1000,01dcde21-cacf-4769-a509-88c3cf060c87-004ac566,LEVEL 01,HP1000A
HP-C63A,PATIENT UNIT CORRIDOR HP-C63A,faf824cd-3b0a-40f1-a617-bdfc3f559c86-00550199,LEVEL 06,HP6306;HP-C60A;HP6300;HP6302;HP6304;HP6301;HP6303;HP6305
HP-ST-601,STAIR 01 HP-ST-601,10da9b0b-831f-4221-ac76-9ea0eb3a245e-004af2a7,LEVEL 06,HP-ST-401;HP-ST-301;HP4308;HP-C63C;HP-ST-501;HP-ST-201;HP3308;HP-C60C;HP0010;HP0011;HP-C63D;HP6344
HP-C63C,SP CORRIDOR HP-C63C,10da9b0b-831f-4221-ac76-9ea0eb3a245e-004af2aa,LEVEL 06,HP6357;HP6355;HP6340;HP-ST-601;HP6351;HP6359;HP6346;HP6354;HP6362;HP6353;HP6358;HP6356;HP6369;HP6344;HP-C63D;HP6342;HP6360;HP6365
HP6300,PATIENT UNIT CORRIDOR HP6300,faf824cd-3b0a-40f1-a617-bdfc3f559c86-005501b4,LEVEL 06,HP-C63A;HP6307;HP6305;HP6303
HP-ST-603,STAIR 03 HP-ST-603,10da9b0b-831f-4221-ac76-9ea0eb3a245e-004af2b0,LEVEL 06,HP-C61A
HP-C60A,PUBLIC CORR. HP-C60A,10da9b0b-831f-4221-ac76-9ea0eb3a245e-004af2b3,LEVEL 06,HP6011;HP6015;HP6017;HP6013;HP-C61A;HP-C63A;HP6100S;HP6301;HP6303
HP4140FF,OFFICE HP4140FF,8761029a-7949-451f-bead-5894f98e32b0-00486832,LEVEL 04,HP-C41F;HP4140EE;HP4140DD;HP4140GG;HP4140HH;HP-C41D;HP4140CC
HP4140EE,OFFICE HP4140EE,8761029a-7949-451f-bead-5894f98e32b0-00486833,LEVEL 04,HP-C41F;HP4140FF;HP4140DD;HP4140GG;HP4140HH;HP-C41D;HP4140CC
HP4140DD,OFFICE HP4140DD,8761029a-7949-451f-bead-5894f98e32b0-00486834,LEVEL 04,HP-C41F;HP4140FF;HP4140EE;HP4140GG;HP4140HH;HP-C41D;HP4140CC
HP3003,COLLAB HP3003,97b4a129-5383-44d2-804d-f54dd5cee5c8-004cb257,LEVEL 03,HP3302
HP4140GG,OFFICE HP4140GG,8761029a-7949-451f-bead-5894f98e32b0-00486835,LEVEL 04,HP-C41F;HP4140FF;HP4140EE;HP4140DD;HP4140HH;HP-C41D;HP4140CC
HP3011,TOILET HP3011,d685d01c-e7d4-4cf1-8630-ba07ce79164f-0032472f,LEVEL 03,HP-C31A;HP3101
HP4306A,AV CLO. HP4306A,e1ca5255-0d85-472b-baeb-df68c8a9f560-00c464bb,LEVEL 04,HP4308;HP4306;HP4002
HP4003,COLLAB HP4003,97b4a129-5383-44d2-804d-f54dd5cee5c8-004cb32d,LEVEL 04,HP4302
HP4120K,OFFICE HP4120K,8761029a-7949-451f-bead-5894f98e32b0-00486840,LEVEL 04,HP-C41C;HP4120B;HP4120E;HP4120F;HP4120G;HP4120J;HP4120D;HP4120M;HP4130D
HP4140HH,OFFICE HP4140HH,8761029a-7949-451f-bead-5894f98e32b0-00486845,LEVEL 04,HP-C41F;HP4140FF;HP4140EE;HP4140DD;HP4140GG;HP-C41D;HP4140CC
HP-C10A,CORRIDOR HP-C10A,1e4239ea-71ba-4d38-bb37-8676d53ceac4-0069b44a,LEVEL 01,HP1012;HP1013;HP-ST-100;HP1014
HP5003,COLLAB HP5003,97b4a129-5383-44d2-804d-f54dd5cee5c8-004cb449,LEVEL 05,HP5302
HP4120C,STAFF OFFICE HP4120C,7ef0643c-3fdb-41b8-af0f-9d8ee06d00a0-003b5047,LEVEL 04,HP4120A;HP-C41C
HP5207,EQUIP. HP5207,3da8a856-0d02-4128-9e6a-2bf658a48bf6-014f4f36,LEVEL 05,HP-C50B;HP5233
HP-ST-602,STAIR 02 HP-ST-602,6922bfcd-f9f2-4f2d-9253-d98429ee199d-004cecda,LEVEL 06,HP-ST-502;HP2302;HP-C63B;HP-ST-302;HP-ST-202;HP7001A;HP7001;HP-ST-402
HP6301,SIMULATION AV EQUIPMENT HP6301,23bc774d-9703-4cfc-91d0-ca2ae2385d36-007228fd,LEVEL 06,HP-C63A;HP-C60A;HP6303
HP3205A,DIAGNOSTIC CLASS LAB STORAGE HP3205A,159f9a9b-0941-4e5b-a63b-33cce400eb7b-004cdadc,LEVEL 03,HP3010C;HP3205;HP-C30B
HP-EL-2,ELEVATOR HP-EL-2,363b0869-408a-48a6-bd1a-c1220b2aa530-003e2a1f,LEVEL 03,HP-EL-2;HP-ST-304;HP-EL-1;1956;HP-EL-1;HP-EL-2;HP-EL-1;HP-C50AA;HP-EL-1;HP-EL-2;HP1014;HP-EL-1;HP-EL-2;HP3002;HP-EL-1;HP-EL-2;HP-EL-2;HP-EL-1
HP6303,STORAGE HP6303,23bc774d-9703-4cfc-91d0-ca2ae2385d36-0072290e,LEVEL 06,HP-C63A;HP-C60A;HP6300;HP6301;HP6305
HP-ST-302,STAIR 02 HP-ST-302,363b0869-408a-48a6-bd1a-c1220b2aa530-003e2a25,LEVEL 03,HP-ST-304;1956;HP4304;HP-ST-202;HP-ST-502;HP0010;HP3002;HP-ST-102;HP-ST-602;HP-ST-PH02;HP7001;HP-ST-402
HP-ST-301,STAIR 01 HP-ST-301,363b0869-408a-48a6-bd1a-c1220b2aa530-003e2a28,LEVEL 03,HP-ST-304;HP-ST-401;1956;HP3002;HP-ST-601;HP-ST-501;HP-ST-201
HP3110A,CONF(8) HP3110A,aeef8963-9328-43f5-b693-abb6e4cfbe3f-00474899,LEVEL 03,HP-C31A
HP-ST-501,STAIR 01 HP-ST-501,363b0869-408a-48a6-bd1a-c1220b2aa530-003e2a2e,LEVEL 05,HP-ST-401;HP3308;HP5002;HP0010;HP-ST-601;HP-ST-301;HP4308;HP-ST-201;HP0011
HP-EL-2,ELEVATOR HP-EL-2,363b0869-408a-48a6-bd1a-c1220b2aa530-003e2a31,LEVEL 05,HP-EL-2;HP-EL-2;HP-EL-1;HP-EL-1;HP5002;HP-EL-2;HP-EL-1;HP-C50AA;HP-EL-1;HP-EL-2;HP1014;HP-EL-1;HP-EL-1;HP-EL-2;HP-EL-2;HP-EL-1
HP-ST-502,STAIR 02 HP-ST-502,363b0869-408a-48a6-bd1a-c1220b2aa530-003e2a37,LEVEL 05,HP2302;HP5002;HP-ST-302;HP4304;HP-ST-202;HP0010;HP-ST-102;HP-ST-602;HP-ST-PH02;HP7001;HP7001A;HP-ST-402
HP4140CC,OFFICE HP4140CC,8761029a-7949-451f-bead-5894f98e32b0-0048688b,LEVEL 04,HP-C41F;HP4140FF;HP4140EE;HP4140DD;HP4140GG;HP4140HH;HP-C41D
HP6100T,CLO. HP6100T,21958d62-3273-46ac-b7c7-ea989ee8612c-00477da3,LEVEL 06,HP-C61A
HP-EL-2,ELEVATOR HP-EL-2,363b0869-408a-48a6-bd1a-c1220b2aa530-003e35b5,LEVEL 04,HP-EL-2;HP-EL-2;HP-EL-1;HP-EL-1;HP-EL-2;HP-EL-1;HP-C50AA;HP4002;HP-EL-1;HP-EL-2;HP-EL-1;HP-EL-2;HP1014;HP-EL-1;HP-EL-2;HP-EL-1
HP-C50A,PUBLIC CORR HP-C50A,1be918ec-db3a-4534-adaf-065dcd88540e-003bcf03,LEVEL 05,HP5013;HP5017;HP5015
HP-ST-402,STAIR HP-ST-402,363b0869-408a-48a6-bd1a-c1220b2aa530-003e35bb,LEVEL 04,HP2302;HP-ST-302;HP4304;HP4002;HP-ST-202;HP-ST-502;HP0010;HP-ST-102;HP-ST-602;HP-ST-PH02;HP7001A;HP7001
HP-ST-401,STAIR HP-ST-401,363b0869-408a-48a6-bd1a-c1220b2aa530-003e35be,LEVEL 04,HP3308;HP0010;HP-ST-601;HP-ST-301;HP4308;HP-ST-501;HP0011;HP4002;HP-ST-201
HP-EL-2,ELEVATOR HP-EL-2,363b0869-408a-48a6-bd1a-c1220b2aa530-003e3660,LEVEL 06,HP-EL-2;HP-EL-1;HP-EL-2;HP-EL-1;HP-C50AA;HP-EL-1;HP-EL-1;HP-EL-2;HP1014;HP-EL-2;HP6002;HP-EL-1;HP-EL-1;HP-EL-2;HP-EL-2;HP-EL-1
HP-ST-201,STAIR HP-ST-201,363b0869-408a-48a6-bd1a-c1220b2aa530-003e3677,LEVEL 02,HP-ST-401;HP2306B;HP-ST-601;HP-ST-301;HP-ST-501;HP2002;HP2004
HP-ST-202,STAIR HP-ST-202,363b0869-408a-48a6-bd1a-c1220b2aa530-003e367a,LEVEL 02,HP-ST-502;HP2002;HP2004;HP2302;HP-ST-302;HP-ST-602;HP7001A;HP7001;HP-ST-402
HP-EL-2,ELEVATOR HP-EL-2,363b0869-408a-48a6-bd1a-c1220b2aa530-003e367d,LEVEL 02,HP-EL-2;HP-EL-2;HP-EL-1;HP-EL-1;HP-EL-2;HP-EL-1;HP-C50AA;HP-EL-1;HP-EL-2;HP1014;HP2002;HP-EL-1;HP-EL-1;HP-EL-2;HP-EL-2;HP-EL-1;HP2004
HP2002B,VESTIBULE HP2002B,363b0869-408a-48a6-bd1a-c1220b2aa530-003e368e,LEVEL 02,HP2002;HP2004
HP2002A,VESTIBULE HP2002A,363b0869-408a-48a6-bd1a-c1220b2aa530-003e3695,LEVEL 02,HP2002;HP2004
HP3304B,CL. STO. HP3304B,4122ef51-054f-4d6e-a3bf-d1b788591c8e-00c362b1,LEVEL 03,HP3304
HP1000A,VESTIBULE HP1000A,363b0869-408a-48a6-bd1a-c1220b2aa530-003e369c,LEVEL 01,HP1000
HP1200,AUDITORIUM HP1200,363b0869-408a-48a6-bd1a-c1220b2aa530-003e36b9,LEVEL 01,HP1200B;HP2202;HP1200A
HP-C63B,PATIENT UNIT CORRIDOR HP-C63B,d08dea9a-c945-4f25-ba65-da521d60c1ba-00469304,LEVEL 06,HP6314;HP6316;HP6310;HP6002;HP6330;HP6325;HP6323;HP6318;HP6308;HP6312;HP6326;HP-ST-602;HP6320;HP6322;HP6324
HP4140B,RESOURCE CENTER HP4140B,23e6edb3-00b6-4ba6-9b12-c0d77cf20336-00327b99,LEVEL 04,HP-C41E
HP3157A,CLO. HP3157A,d512ccca-2ba4-468a-9a4a-abae2e250b12-01079e53,LEVEL 03,HP-C31F;HP3153;HP3157;HP3155;HP3151
HP-C31B,ADMIN CORR. HP-C31B,6769fb4e-8f5e-43fe-8c59-0352e7262f5c-00898fc5,LEVEL 03,HP3120X;HP3120S;HP3120W;HP3120A;HP3120T;HP3120AA;HP3120U;HP3120Y;HP3120Z;HP3120P;HP3120N;HP3120V;HP3120R;HP3120Q
HP4140G,STAFF OFFICE HP4140G,7d28afc0-14ff-4e4b-a1a6-46e8b8ac765e-0044d85e,LEVEL 04,HP4140F;HP5226
HP2303B,RECYCLING HP2303B,646ed50c-cc6e-4d8a-b7f9-35555ffc898e-006bd838,LEVEL 02,HP2303;HP2303A;HP2303C
HP2303A,WASTE STOR HP2303A,646ed50c-cc6e-4d8a-b7f9-35555ffc898e-006bd83b,LEVEL 02,HP2303B;HP2303C;HP2303;HP2002;HP2004
HP4140E,STAFF OFFICE HP4140E,d2bccdad-4552-456d-9e21-587d346423c8-002bf6a0,LEVEL 04,HP4140C;HP4140F;HP4140D;HP-C41F;HP-C41E
HP4140H,STAFF OFFICE HP4140H,d2bccdad-4552-456d-9e21-587d346423c8-002bf6a6,LEVEL 04,HP4140J;HP5226;HP4130C
HP3130D,STORAGE HP3130D,c010fbf0-6bb3-4aac-a21d-215679389f66-00947d96,LEVEL 03,HP3120M;HP3120D;HP3120B;HP3100;HP3120E;HP3120F;HP3120G;HP3100B;HP3120J;HP3120K;HP-C31C
HP2303C,LOADING DOCK HP2303C,99c79835-3be2-4564-b1b3-9905d12d45b2-00b842f0,LEVEL 02,HP2303B;HP2304;HP2303;HP2303A
HP4010A,JAN HP4010A,333415c1-b105-4983-be56-18432592632a-00472206,LEVEL 04,HP4010;HP4012
HP4010,TOILET HP4010,333415c1-b105-4983-be56-18432592632a-00472207,LEVEL 04,HP4010A;HP4012
HP4012,TOILET HP4012,333415c1-b105-4983-be56-18432592632a-00472208,LEVEL 04,HP4010A;HP4010
HP-C63D,EXAM SUITE CORRIDOR HP-C63D,9c366077-349c-4b85-95f7-9501b769eaa4-0043c99b,LEVEL 06,HP6357;HP6355;HP6340;HP-ST-601;HP6351;HP-C63C;HP6359;HP6346;HP6354;HP6362;HP6353;HP6358;HP6356;HP6369;HP6344;HP6342;HP6360;HP6365
HP1013A,SHOWER HP1013A,99689c1e-05db-4dbb-9c92-e72a39ad8cd4-004a23ef,LEVEL 01,HP1013
HP4120AA,CONF(24) HP4120AA,7ef0643c-3fdb-41b8-af0f-9d8ee06d00a0-003b3f30,LEVEL 04,HP-C41C;HP-C41B
HP4140A,CONF(8) HP4140A,7ef0643c-3fdb-41b8-af0f-9d8ee06d00a0-003b3f32,LEVEL 04,HP-C41D
HP-EL-2,ELEVATOR HP-EL-2,60690624-7c29-4099-9d41-4a3a5837f222-005ec0bb,LEVEL 01,HP-EL-2;HP-EL-2;HP-EL-1;HP-EL-1;HP-EL-2;HP-EL-1;HP-C50AA;HP-EL-1;HP-EL-2;HP-EL-1;HP-EL-2;HP1014;HP0010;HP-EL-1;HP-EL-2;HP-EL-1
HP5010,TOILET HP5010,333415c1-b105-4983-be56-18432592632a-004722cb,LEVEL 05,HP5012;HP5010A
HP5012,TOILET HP5012,333415c1-b105-4983-be56-18432592632a-004722cc,LEVEL 05,HP5010;HP5010A
HP3004,COLLAB HP3004,d3b63245-7e9b-49f8-8c78-cf9820d2eb63-00846953,LEVEL 03,HP-C31F
HP3005,COLLAB HP3005,d3b63245-7e9b-49f8-8c78-cf9820d2eb63-00846956,LEVEL 03,HP-ST-304;1956;HP3312;HP3002
HP-C51A,ADMIN COR. HP-C51A,10da9b0b-831f-4221-ac76-9ea0eb3a245e-004af41e,LEVEL 05,HP5110E;HP5110B;HP5110U;HP5101;HP-ST-503;HP5110G;HP5110H;HP5110J;HP5110R;HP5110M;HP5110N;HP5110P;HP5110S;HP5110T;HP5110K;HP5110D;HP5110Q;HP5110A;HP5110C;HP5011
HP3100,ADMIN ENTRY HP3100,c03294b1-3427-4409-992c-4d66fdf61132-004cdc08,LEVEL 03,HP3120C;HP3120B;HP3120E;HP3120F;HP3120G;HP3120K;HP3100B;HP3120J;HP3120A;HP-C31C;HP3120AA;HP3120H;HP3130D;HP3120M;HP3120D
HP-C31C,ADMIN CORR. HP-C31C,c03294b1-3427-4409-992c-4d66fdf61132-004cdc0f,LEVEL 03,HP3120C;HP3120B;HP3100;HP3120E;HP3120F;HP3120G;HP3100B;HP3120J;HP3120K;HP3120A;HP3120AA;HP3120H;HP3130D;HP3120M;HP3120D
HP3308,SEMINAR HP3308,012c3ed6-3448-47e9-8327-346034c8940e-0032fd51,LEVEL 03,HP-ST-304;HP-ST-401;1956;HP0010;HP3002;HP-ST-601;HP4308;HP3308A;HP3306;HP-ST-501;HP0011
HP-C31E,ADMIN CORR. HP-C31E,c03294b1-3427-4409-992c-4d66fdf61132-004cdc1e,LEVEL 03,HP3140C;HP3140D;HP3140E;HP3140F;HP3140B
HP-ST-403,STAIR 03 HP-ST-403,10da9b0b-831f-4221-ac76-9ea0eb3a245e-004af43e,LEVEL 04,HP-C41A
HP-C40A,PUBLIC CORR. HP-C40A,10da9b0b-831f-4221-ac76-9ea0eb3a245e-004af441,LEVEL 04,HP4013;HP4015;HP2302N;HP4017
HP6100D,TOILET HP6100D,da8a46d6-1136-4470-b5ba-f309ba37c83c-00e26f28,LEVEL 06,HP-C61B
HP2004,SOUTH STEPS HP2004,01dcde21-cacf-4769-a509-88c3cf060c87-004ac71e,LEVEL 02,HP2200A;HP2312;HP2310;HP-ST-201;HP2303;HP-ST-202;HP-EL-2;HP2002;HP2203;HP2002B;HP2306B;HP2002A;HP2303A;HP-EL-1;HP2200B
HP4120N,CONF(8) HP4120N,7ef0643c-3fdb-41b8-af0f-9d8ee06d00a0-003b3fb5,LEVEL 04,HP-C41B
HP0010,MECHANICAL HP0010,cdfbc36f-396e-4ecc-980b-ac13b08f3161-004a2d95,LEVEL 01,HP0029;HP0023;HP0015;HP0027;HP-ST-302;HP4304;HP4308;HP-ST-501;HP-ST-502;HP3308;HP0013;HP0014;HP0011;HP1005;HP-ST-102;HP7001;HP-ST-402;HP-ST-401;HP-ST-601;HP-EL-1;HP0025;HP-EL-2;HP-ST-PH02;HP0021
HP0023,HK STORAGE HP0023,26787f4f-9729-4afd-96ac-a945b1bff3a5-00addd83,LEVEL 01,HP0025;HP0010
HP6010,TOILET HP6010,b2367e07-78e0-4885-b538-0c268e3ab3b6-0049e563,LEVEL 06,HP6010A;HP6012
HP6012,TOILET HP6012,b2367e07-78e0-4885-b538-0c268e3ab3b6-0049e564,LEVEL 06,HP6010A;HP6010
HP-EL-1,ELEVATOR HP-EL-1,bb9deb9c-9308-4235-b52c-58a3927e8235-00b09d44,LEVEL 04,HP-EL-2;HP-EL-2;HP-EL-1;HP-EL-2;HP-EL-1;HP-C50AA;HP4002;HP-EL-1;HP-EL-2;HP-EL-1;HP1014;HP-EL-2;HP-EL-1;HP-EL-2;HP-EL-2;HP-EL-1
HP6100P,OFFICE HP6100P,1ba13095-4a3a-4dfb-bb79-e671735cf6e1-002bf744,LEVEL 06,HP6100M;HP-C61A;HP6100N;HP6100Q
HP3120W,OFFICE HP3120W,1ba13095-4a3a-4dfb-bb79-e671735cf6e1-002bf766,LEVEL 03,HP3120U;HP3120Y;HP3120P;HP-C31B;HP3120S;HP3120V;HP3120R;HP3120Q
HP5010A,JAN HP5010A,3594f68d-5d49-43fa-8487-da461b132818-011e0d2f,LEVEL 05,HP5010;HP5012
HP3205,DIAGNOSTIC CLASS LAB HP3205,7d138358-9f87-4466-8f01-402102411f74-002c1be5,LEVEL 03,HP3205A
HP3100B,RECEPTION HP3100B,167b647e-c970-4fec-aba6-167f350d9545-008e375b,LEVEL 03,HP3120C;HP3120B;HP3100;HP3120E;HP3120F;HP3120G;HP3120J;HP3120K;HP3120A;HP-C31C;HP3120AA;HP3120H;HP3130D;HP3120M;HP3120D
HP-C30B,PUBLIC CORR. HP-C30B,d3b63245-7e9b-49f8-8c78-cf9820d2eb63-008469ef,LEVEL 03,HP3208;HP3206;HP3010C;HP3207;HP3205A;HP3014
HP1000C,PREFUNCTION HP1000C,2c0d3547-87ca-45c6-b1fe-ce310deaa504-00d515a8,LEVEL 01,HP1200B;HP1200A
HP5005,COLLAB HP5005,4f3ff57c-08dc-4a37-9347-9ef8d0602b44-00b8948b,LEVEL 05,HP5205;HP5002
HP3304A,AV CLO. HP3304A,bb511760-c82f-4172-b36f-de8e7094d280-005e5509,LEVEL 03,HP3304;HP-ST-304;1956;HP3002
HP4005,COLLAB HP4005,4f3ff57c-08dc-4a37-9347-9ef8d0602b44-00b894f5,LEVEL 04,HP4002;HP4312A;HP4312
HP5020,EQUIP. HP5020,86b73b17-7390-4f21-a8ed-1c1247bdfcc6-00b88c1a,LEVEL 05,HP5205;HP5209;HP-C50B
HP3010D,ELECT HP3010D,7a8be452-8a51-4415-8321-f24ba84a7a2d-0132a325,LEVEL 03,HP5220;HP3010C;HP3151;HP3140L;HP3140M
HP4130E,ELECT HP4130E,7a8be452-8a51-4415-8321-f24ba84a7a2d-0132a330,LEVEL 04,HP4209;HP4151;HP4140K;HP4140L;HP5226
HP3208A,AV CLO. HP3208A,a704edfe-1226-4709-ae53-442e25b32b4f-006b3a49,LEVEL 03,HP3204;HP3208;HP3206;HP3206A
HP3206A,AV CLO. HP3206A,a704edfe-1226-4709-ae53-442e25b32b4f-006b3a4c,LEVEL 03,HP3204;HP3208;HP3206;HP3208A
HP2014,TOILET HP2014,ebb6b8fe-2b37-4fd6-94c3-78ab74a5f3ea-006bf4bc,LEVEL 02,HP-C20A
HP5019,ELECT HP5019,dcd15c5b-e942-469f-bbaa-8b1e33974049-00880976,LEVEL 05,HP-C50B
HP3140FF,OFFICE HP3140FF,68c653fb-30e1-494c-bec5-0fa0e8d41836-002e1f3e,LEVEL 03,HP3140DD;HP3140CC;HP-C31F;HP-C31D;HP3140GG;HP3140HH;HP3140EE
HP3140EE,OFFICE HP3140EE,68c653fb-30e1-494c-bec5-0fa0e8d41836-002e1f3f,LEVEL 03,HP3140DD;HP3140CC;HP-C31F;HP-C31D;HP3140GG;HP3140HH;HP3140FF
HP3140DD,OFFICE HP3140DD,68c653fb-30e1-494c-bec5-0fa0e8d41836-002e1f40,LEVEL 03,HP3140CC;HP-C31F;HP-C31D;HP3140GG;HP3140HH;HP3140FF;HP3140EE
HP3110D,OFFICE HP3110D,68c653fb-30e1-494c-bec5-0fa0e8d41836-002e1f50,LEVEL 03,HP-C31A;HP3110C;HP3110E
HP3120Y,OFFICE HP3120Y,68c653fb-30e1-494c-bec5-0fa0e8d41836-002e1f52,LEVEL 03,HP3120U;HP3120Z;HP3120P;HP-C31B;HP3120S;HP3120W;HP3120V;HP3120R;HP3120Q
HP3120Z,OFFICE HP3120Z,68c653fb-30e1-494c-bec5-0fa0e8d41836-002e1f53,LEVEL 03,HP3120Y;HP-C31B
HP4110A,CONF(8) HP4110A,0d260a51-9937-4198-9d34-e7c16045e406-00476d8e,LEVEL 04,HP-C41A
HP5120P,CONF(8) HP5120P,9184f9ef-56f8-464d-8752-2bc104b17e34-003b6d9c,LEVEL 05,HP-C51B
HP4120Y,HUDDLE HP4120Y,7ef0643c-3fdb-41b8-af0f-9d8ee06d00a0-003b407b,LEVEL 04,HP4120A;HP-C41B
HP6344,SIM: MH HP6344,8e7d43a9-a54b-4f51-a3ff-67e3eea2c904-002bcb1a,LEVEL 06,HP-C60C;HP6340;HP6344A;HP-ST-601;HP-C63C;HP-C63D;HP6342;HP6002
HP3110E,OFFICE HP3110E,9afeaf80-f594-4102-b0b7-6d15b121cf9f-0048588e,LEVEL 03,HP3110D;HP-C31A;HP3110C
HP3120V,OFFICE HP3120V,ca3b91b7-bf10-48e0-a639-693902af65e9-00310222,LEVEL 03,HP3120U;HP3120Y;HP3120P;HP-C31B;HP3120S;HP3120W;HP3120R;HP3120Q
HP3140C,STAFF OFFICE HP3140C,8af813fe-4ad8-4237-a09d-88f50defaa59-00349df0,LEVEL 03,HP-C31E;HP3140D;HP3140E;HP3140F;HP3140B
HP3140D,STAFF OFFICE HP3140D,8af813fe-4ad8-4237-a09d-88f50defaa59-00349df2,LEVEL 03,HP3140C;HP-C31E;HP3140E;HP3140F;HP3140B
HP6351,EXAM HP6351,8e7d43a9-a54b-4f51-a3ff-67e3eea2c904-002bcb28,LEVEL 06,HP6357;HP6355;HP6353;HP-C63C;HP-C63D;HP6359
HP3120AA,CONF(24) HP3120AA,35e3559f-2452-4714-ae78-f29c9f2f8e69-003113cc,LEVEL 03,HP3100;HP3100B;HP-C31B;HP-C31C
HP3002,EAST ATRIUM HP3002,10da9b0b-831f-4221-ac76-9ea0eb3a245e-004af536,LEVEL 03,HP-ST-304;HP-EL-2;1956;HP-ST-302;HP-ST-301;HP3304;HP3304A;HP3306;HP3302;HP-EL-1;HP3308;HP3202;HP3204;HP3005;HP3310;HP3312
HP-C31A,ADMIN CORR. HP-C31A,10da9b0b-831f-4221-ac76-9ea0eb3a245e-004af539,LEVEL 03,HP3110S;HP3101;HP3110G;HP3110H;HP3110K;HP3110Q;HP3110J;HP3110M;HP3110N;HP3110P;HP3110E;HP3011;HP-ST-303;HP3110D;HP3110UA;HP3110T;HP3110R;HP3110C;HP3110A;HP3110U
HP3001,WEST ATRIUM HP3001,d3b63245-7e9b-49f8-8c78-cf9820d2eb63-00846a75,LEVEL 03,HP3202;HP3204
HP-C30A,PUBLIC CORR. HP-C30A,d3b63245-7e9b-49f8-8c78-cf9820d2eb63-00846a78,LEVEL 03,HP3015;HP3013;HP3017
HP3110C,OFFICE HP3110C,d0e5ecaf-44d7-476b-b249-9b6af9cca088-0031f85a,LEVEL 03,HP3110D;HP-C31A;HP3110E
HP6353,EXAM HP6353,8e7d43a9-a54b-4f51-a3ff-67e3eea2c904-002bcb36,LEVEL 06,HP6357;HP6355;HP6351;HP-C63C;HP-C63D;HP6359
HP6355,EXAM HP6355,8e7d43a9-a54b-4f51-a3ff-67e3eea2c904-002bcb44,LEVEL 06,HP6357;HP6353;HP6351;HP-C63C;HP-C63D;HP6359
HP4306,SEMINAR HP4306,b3065094-86ab-4d77-9287-663e2d01caf4-0032d149,LEVEL 04,HP4308;HP4002;HP4306A
HP4130C,TOILET HP4130C,7ef0643c-3fdb-41b8-af0f-9d8ee06d00a0-003b52c7,LEVEL 04,HP4140J;HP5226;HP4140H
HP4140J,STAFF OFFICE HP4140J,7ef0643c-3fdb-41b8-af0f-9d8ee06d00a0-003b52ca,LEVEL 04,HP5226;HP4140H;HP4130C
HP6362,EXAM HP6362,8e7d43a9-a54b-4f51-a3ff-67e3eea2c904-002bcb52,LEVEL 06,HP6354;HP6358;HP6356;HP-C63C;HP-C63D;HP6360
HP4140K,STAFF OFFICE HP4140K,7ef0643c-3fdb-41b8-af0f-9d8ee06d00a0-003b52d3,LEVEL 04,HP4209;HP4151;HP4140L;HP5226;HP4130E
HP-ST-100,STAIR HP-ST-100,1793b9fb-b174-4ff0-8b99-22be4f8cd621-00b885aa,LEVEL 01,HP-C10A
HP6357,EXAM HP6357,8e7d43a9-a54b-4f51-a3ff-67e3eea2c904-002bcb60,LEVEL 06,HP6355;HP6353;HP6351;HP-C63C;HP-C63D;HP6359
HP6307,SIM: LD HP6307,6705ee8c-facf-410d-b7b9-fbbe4ac49775-00421fbc,LEVEL 06,HP6300;HP6307A
HP4140L,STAFF OFFICE HP4140L,7ef0643c-3fdb-41b8-af0f-9d8ee06d00a0-003b52db,LEVEL 04,HP4209;HP4151;HP4140K;HP5226;HP4130E
HP-ST-102,HP-ST-102,1793b9fb-b174-4ff0-8b99-22be4f8cd621-00b88854,LEVEL 01,HP-ST-502;HP0010;HP-ST-302;HP4304;HP-ST-PH02;HP7001;HP-ST-402
HP6307A,SIM: LD BATH HP6307A,6705ee8c-facf-410d-b7b9-fbbe4ac49775-00421fbf,LEVEL 06,HP6307
HP3308A,A/V CLOSET HP3308A,7d318c75-447d-4ef8-9c1f-27c12d2df25a-006b5bba,LEVEL 03,HP3308
HP6359,EXAM HP6359,8e7d43a9-a54b-4f51-a3ff-67e3eea2c904-002bcb6e,LEVEL 06,HP6357;HP6355;HP6353;HP6351;HP-C63C;HP-C63D
HP-EL-1,ELEVATOR HP-EL-1,7b34e276-e792-43b8-9e91-6ada6cecacba-00b5b2d7,LEVEL 02,HP-EL-2;HP-EL-2;HP-EL-1;HP-EL-1;HP-EL-2;HP-EL-1;HP-C50AA;HP-EL-1;HP-EL-2;HP2002;HP1014;HP-EL-2;HP-EL-1;HP-EL-1;HP-EL-2;HP-EL-2;HP2004
HP6305,CONTROL HP6305,6705ee8c-facf-410d-b7b9-fbbe4ac49775-00421fd6,LEVEL 06,HP-C63A;HP6300;HP6303
HP5120BB,HUDDLE HP5120BB,9184f9ef-56f8-464d-8752-2bc104b17e34-003b6e14,LEVEL 05,HP5120X;HP5120V;HP-C51B;HP5120Z
HP5120C,HUDDLE HP5120C,9184f9ef-56f8-464d-8752-2bc104b17e34-003b6e16,LEVEL 05,HP5130C;HP5120G;HP5120E;HP5120A;HP-C51C;HP5120J
HP-ST-PH02,STAIR HP-ST-PH02,b8453ade-c25b-46ff-a581-21fbb6e8a033-0056a87e,PENTHOUSE,HP-ST-502;HP0010;HP-ST-302;HP4304;HP-ST-102;HP7001;HP-ST-402
HP6363,SP LOUNGE HP6363,8e7d43a9-a54b-4f51-a3ff-67e3eea2c904-002bcb89,LEVEL 06,HP6367;HP6365
HP1005,SERVICE AREAWAY HP1005,4ba18549-9c74-4ef6-8f75-163bdfda2351-004ab65b,LEVEL 01,HP0012;HP0010
HP2310,CLASSROOM HP2310,a28d7aad-0a5d-48a0-8058-eda071dcaf8f-003132e1,LEVEL 02,HP2002;HP2312;HP2004;HP2310B;HP2310A
HP6360,EXAM HP6360,8e7d43a9-a54b-4f51-a3ff-67e3eea2c904-002bcb9e,LEVEL 06,HP6354;HP6362;HP6358;HP6356;HP-C63C;HP-C63D
HP5130B,PANTRY HP5130B,636b049e-73f5-4258-a0b1-a7d6cdb0fdd2-003e01cb,LEVEL 05,HP5130A;HP5130
HP5130A,COLLAB HUB HP5130A,636b049e-73f5-4258-a0b1-a7d6cdb0fdd2-003e01cc,LEVEL 05,HP5130B;HP5130
HP4130D,STORAGE HP4130D,8343925d-5711-40d8-9237-2d3241ec6fe6-00d17f7c,LEVEL 04,HP4120K;HP-C41C;HP4120B;HP4120E;HP4120F;HP4120G;HP4120J;HP4120D;HP4120M
HP4304,CLASSROOM HP4304,3361b7f5-cad0-4606-9350-5b0507f4d788-002d6248,LEVEL 04,HP-ST-502;HP0010;HP-ST-302;HP-ST-102;HP4002;HP-ST-PH02;HP7001;HP4304A;HP-ST-402
HP4308,CLASSROOM HP4308,3361b7f5-cad0-4606-9350-5b0507f4d788-002d6249,LEVEL 04,HP3308;HP-ST-401;HP0010;HP-ST-601;HP4306;HP4002;HP4306A;HP4308A;HP-ST-501;HP0011
HP6358,EXAM HP6358,8e7d43a9-a54b-4f51-a3ff-67e3eea2c904-002bcbb6,LEVEL 06,HP6354;HP6362;HP6356;HP-C63C;HP-C63D;HP6360
HP4210,ADL STORAGE HP4210,3361b7f5-cad0-4606-9350-5b0507f4d788-002d624b,LEVEL 04,HP4202;HP5221
HP6356,EXAM HP6356,8e7d43a9-a54b-4f51-a3ff-67e3eea2c904-002bcbb8,LEVEL 06,HP6354;HP6362;HP6358;HP-C63C;HP-C63D;HP6360
HP4204,ANATOMY CLASS LAB HP4204,3361b7f5-cad0-4606-9350-5b0507f4d788-002d624c,LEVEL 04,HP4206;HP4002;HP4202;HP-C40B;HP4208
HP4207,ASSESSMENT LIBRARY HP4207,3361b7f5-cad0-4606-9350-5b0507f4d788-002d624d,LEVEL 04,HP4209;HP-C40B
HP4208,ANATOMY / SPEECH STORAGE HP4208,3361b7f5-cad0-4606-9350-5b0507f4d788-002d624f,LEVEL 04,HP4206;HP4204;HP5221
HP4206,ANATOMAGE HP4206,3361b7f5-cad0-4606-9350-5b0507f4d788-002d6251,LEVEL 04,HP4204;HP-C40B;HP4208
HP6206,DEBRIEF HP6206,8e7d43a9-a54b-4f51-a3ff-67e3eea2c904-002bcbc0,LEVEL 06,HP6208;HP6204;HP6201;HP6202A;HP6202;HP6210
HP-EL-1,ELEVATOR HP-EL-1,bc3a5c3c-5f77-44b5-a8b4-db60f9e3e7c0-01316537,PENTHOUSE,HP-EL-2;HP-EL-2;HP-EL-1;HP-EL-1;HP-EL-2;HP-EL-1;HP-C50AA;HP-EL-2;HP-EL-1;HP1014;HP-EL-2;HP-EL-1;HP-EL-2;HP-EL-2;HP-EL-1
HP6204,DEBRIEF HP6204,8e7d43a9-a54b-4f51-a3ff-67e3eea2c904-002bcbc2,LEVEL 06,HP6206;HP6208;HP6201;HP6202A;HP6202;HP6210
HP6340,DEBRIEF HP6340,8e7d43a9-a54b-4f51-a3ff-67e3eea2c904-002bcbc4,LEVEL 06,HP-C60C;HP6344A;HP6344;HP-C63D;HP-C63C;HP6342;HP6002
HP4302,CLASSROOM HP4302,3361b7f5-cad0-4606-9350-5b0507f4d788-002d625a,LEVEL 04,HP4002;HP4003
HP3120D,OFFICE HP3120D,a358ad2b-b01b-41a8-be40-5511aede3510-003b1d1a,LEVEL 03,HP3100B;HP3130D;HP3120B;HP3120E;HP3120F;HP3120G;HP3120K;HP3120J;HP3120M;HP3100;HP-C31C
HP6100Q,OFFICE HP6100Q,0ecb5947-ac96-4b12-aa87-c41974f6cf03-00493b2f,LEVEL 06,HP6100M;HP6100P;HP6100N;HP-C61A
HP-EL-1,ELEVATOR HP-EL-1,5c1cfe9a-7356-4ee9-a7ec-333e5b2d8bf0-00b86904,LEVEL 03,HP-EL-2;HP-ST-304;HP-EL-2;HP-EL-1;HP-EL-1;1956;HP-EL-2;HP-EL-1;HP-C50AA;HP-EL-1;HP-EL-2;HP1014;HP-EL-2;HP3002;HP-EL-1;HP-EL-2;HP-EL-2;HP-EL-1
HP4153,RESEARCH HP4153,51ff7dbf-0d68-43c5-a409-2c1b36764abe-0031c2dc,LEVEL 04,HP-C41F;HP4151;HP4157;HP4155
HP4157,RESEARCH HP4157,51ff7dbf-0d68-43c5-a409-2c1b36764abe-0031c2dd,LEVEL 04,HP-C41F;HP4151;HP4153;HP4155
HP4155,RESEARCH HP4155,51ff7dbf-0d68-43c5-a409-2c1b36764abe-0031c2de,LEVEL 04,HP-C41F;HP4151;HP4153;HP4157
HP4205A,PEDIATRIC STORAGE HP4205A,51ff7dbf-0d68-43c5-a409-2c1b36764abe-0031c2df,LEVEL 04,HP4205
HP4205,PEDIATRIC CLASS LAB HP4205,51ff7dbf-0d68-43c5-a409-2c1b36764abe-0031c2e0,LEVEL 04,HP-C40B;HP4205A
HP0013,MAIN ELECTRICAL HP0013,ff2510ce-33d4-4edc-99ca-3d27bca6f364-005558e8,LEVEL 01,HP0010
HP0011,EMERG ELEC HP0011,ff2510ce-33d4-4edc-99ca-3d27bca6f364-00555a16,LEVEL 01,HP3308;HP-ST-401;HP0010;HP-ST-601;HP4308;HP-ST-501
HP-EL-1,ELEVATOR HP-EL-1,5c1cfe9a-7356-4ee9-a7ec-333e5b2d8bf0-00b869eb,LEVEL 05,HP-EL-2;HP-EL-2;HP-EL-1;HP-EL-1;HP5002;HP-EL-2;HP-EL-1;HP-C50AA;HP-EL-1;HP-EL-2;HP-EL-1;HP1014;HP-EL-2;HP-EL-2;HP-EL-2;HP-EL-1
HP6365,SP DRESSING HP6365,21827dcf-85c2-4076-8eba-22439aeca401-0094c417,LEVEL 06,HP6363;HP-C63C;HP-C63D;HP6367;HP6369
HP0012,MAIN FIRE PUMP HP0012,ff2510ce-33d4-4edc-99ca-3d27bca6f364-00555bc8,LEVEL 01,HP1005
HP-EL-1,ELEVATOR HP-EL-1,5c1cfe9a-7356-4ee9-a7ec-333e5b2d8bf0-00b86a9d,LEVEL 06,HP-EL-2;HP-EL-2;HP-EL-1;HP-EL-2;HP-EL-1;HP-C50AA;HP-EL-1;HP-EL-2;HP1014;HP-EL-2;HP6002;HP-EL-1;HP-EL-1;HP-EL-2;HP-EL-2;HP-EL-1
HP6330,MULTIPATIENT SIMULATION HP6330,6395fdc8-7d96-46bd-a0bc-28ab67edeec9-00be7941,LEVEL 06,HP-C60C;HP-C63B;HP6323;HP6325;HP6329;HP6326
HP-EL-1,ELEVATOR HP-EL-1,01dcde21-cacf-4769-a509-88c3cf060c87-004ac8e8,LEVEL 01,HP-EL-2;HP-EL-2;HP-EL-1;HP-EL-1;HP-EL-2;HP-C50AA;HP-EL-1;HP-EL-2;HP-EL-1;HP-EL-2;HP1014;HP0010;HP-EL-1;HP-EL-2;HP-EL-2;HP-EL-1
HP3120R,OFFICE HP3120R,884db1d5-5f47-48ab-9ebd-e94c513092d2-003ad87c,LEVEL 03,HP3120U;HP3120Y;HP3120P;HP-C31B;HP3120S;HP3120W;HP3120V;HP3120Q
HP6010A,MAINT CLOSET HP6010A,8edae312-eefb-4042-83af-5fef4d13a235-00f52ec2,LEVEL 06,HP6010;HP6012
HP6100A,DEAN'S EXECUTIVE EDUCATION HP6100A,092b4ff3-5418-42fa-a49d-bccb1fdd71a2-009c8682,LEVEL 06,HP-C61B;HP6100Y
HP6100B,DEAN HP6100B,092b4ff3-5418-42fa-a49d-bccb1fdd71a2-009c8683,LEVEL 06,HP6100C;HP-C61B
HP6100C,ADMIN. COORD. HP6100C,092b4ff3-5418-42fa-a49d-bccb1fdd71a2-009c8684,LEVEL 06,HP6100B;HP-C61B
HP-C61B,ADMIN CORRIDOR HP-C61B,092b4ff3-5418-42fa-a49d-bccb1fdd71a2-009c8686,LEVEL 06,HP6100D;HP6100A;HP6100B;HP6100C
HP3101,WORKRM/STOR HP3101,a05fb23f-c6e1-479f-a1ac-3774cb666868-005b1762,LEVEL 03,HP-C31A;HP3011
HP3010C,MEDITATION HP3010C,080fb163-97a4-4ffb-bc78-8c98df03bef8-006d2059,LEVEL 03,HP3010D;HP5220;HP3140M;HP3151;HP3205A;HP3140L;HP-C30B
HP4110UA,CLO. HP4110UA,9066caa9-697b-4982-86f2-9bd0364c1dbf-00c16b4c,LEVEL 04,HP4110U
HP3110UA,CLO. HP3110UA,9066caa9-697b-4982-86f2-9bd0364c1dbf-00c16b60,LEVEL 03,HP3110U;HP-C31A;HP3110T
HP-C31D,ADMIN CORR. HP-C31D,6769fb4e-8f5e-43fe-8c59-0352e7262f5c-008992b6,LEVEL 03,HP3140DD;HP3140A;HP3140CC;HP-C31F;HP3140GG;HP3140HH;HP3140FF;HP3140EE
HP4016,DATA HP4016,8f8a98cb-64bc-42ae-9d99-d208628062c0-009b0215,LEVEL 04,HP-C40B
HP5110UA,CLO. HP5110UA,9066caa9-697b-4982-86f2-9bd0364c1dbf-00c16b76,LEVEL 05,HP5110U
HP5120N,OFFICE HP5120N,c713b5d1-ec78-4879-bbe2-b1859d409957-007abfee,LEVEL 05,HP5130C;HP5120B;HP5120F;HP5120H;HP5120K;HP5120L;HP5120D;HP5120M;HP-C51C
HP0021,ATTIC STOCK HP0021,daf4cc29-8748-463b-9ed0-988770a8d426-00753e7d,LEVEL 01,HP0015;HP0010
HP0029,MDF HP0029,daf4cc29-8748-463b-9ed0-988770a8d426-00753e80,LEVEL 01,HP0010
HP0027,MAINT STAFF OFFICE HP0027,daf4cc29-8748-463b-9ed0-988770a8d426-00753e83,LEVEL 01,HP0010
HP6100K,ASSIST. DEAN HP6100K,1674267a-4f3b-4bd3-8bff-9fea2c8565c4-002e20b9,LEVEL 06,HP6100G;HP6100J;HP6100H;HP-C61A
HP-ST-304,STAIR 04 HP-ST-304,8df684a3-eb47-49ac-8d34-df8266b25986-004ce156,LEVEL 03,HP-EL-2;1956;HP-ST-302;HP-ST-301;HP3304;HP3304A;HP3306;HP3302;HP-EL-1;HP3308;HP3202;HP3204;HP3002;HP3005;HP3310;HP3312
1956,PUBLIC (STAIR) 1956,8df684a3-eb47-49ac-8d34-df8266b25986-004ce159,LEVEL 03,HP-ST-304;HP-EL-2;HP-ST-302;HP-ST-301;HP3304;HP3304A;HP3306;HP3302;HP-EL-1;HP3308;HP3202;HP3204;HP3002;HP3005;HP3310;HP3312
HP5110G,OFFICE HP5110G,8761029a-7949-451f-bead-5894f98e32b0-00486bed,LEVEL 05,HP-C51A;HP5110H;HP5110J
HP5110H,OFFICE HP5110H,8761029a-7949-451f-bead-5894f98e32b0-00486bee,LEVEL 05,HP5110G;HP-C51A;HP5110J
HP5110J,OFFICE HP5110J,8761029a-7949-451f-bead-5894f98e32b0-00486bef,LEVEL 05,HP5110K;HP5110G;HP5110H;HP-C51A
HP5110K,OFFICE HP5110K,8761029a-7949-451f-bead-5894f98e32b0-00486bf0,LEVEL 05,HP-C51A;HP5110J
HP-ST-203,STAIR HP-ST-203,01dcde21-cacf-4769-a509-88c3cf060c87-004ac94c,LEVEL 02,HP-C20A
HP5110M,OFFICE HP5110M,8761029a-7949-451f-bead-5894f98e32b0-00486bf1,LEVEL 05,HP5110R;HP5110N;HP5110P;HP5110S;HP5110Q;HP-C51A
HP5110N,OFFICE HP5110N,8761029a-7949-451f-bead-5894f98e32b0-00486bf2,LEVEL 05,HP5110R;HP5110M;HP5110P;HP5110S;HP5110Q;HP-C51A
HP5110P,OFFICE HP5110P,8761029a-7949-451f-bead-5894f98e32b0-00486bf3,LEVEL 05,HP5110R;HP5110M;HP5110N;HP5110S;HP5110Q;HP-C51A
HP5110D,OFFICE HP5110D,8761029a-7949-451f-bead-5894f98e32b0-00486bf4,LEVEL 05,HP5110E;HP5110C;HP-C51A
HP5011,TOILET HP5011,21958d62-3273-46ac-b7c7-ea989ee8612c-004777fd,LEVEL 05,HP5101;HP-C51A
HP5015,ELECT HP5015,21958d62-3273-46ac-b7c7-ea989ee8612c-004777fe,LEVEL 05,HP-C50A
HP5110Q,OFFICE HP5110Q,8761029a-7949-451f-bead-5894f98e32b0-00486bf8,LEVEL 05,HP5110R;HP5110M;HP5110N;HP5110P;HP5110S;HP-C51A
HP5013,TOILET HP5013,21958d62-3273-46ac-b7c7-ea989ee8612c-00477801,LEVEL 05,HP-C50A
HP5110C,OFFICE HP5110C,8761029a-7949-451f-bead-5894f98e32b0-00486bfa,LEVEL 05,HP5110E;HP5110D;HP-C51A
HP0015,EQUIPMENT HP0015,c4042131-e75f-438f-814e-9ba0efb2a4d6-00ab5981,LOWER LEVEL,HP0010;HP0021
HP0025,HK WORKROOM HP0025,a464efa7-7cb8-4bcf-8950-765a1b688e69-013d948d,LOWER LEVEL,HP0023;HP0010
HP4120A,WORKROOM / STORAGE HP4120A,7ef0643c-3fdb-41b8-af0f-9d8ee06d00a0-003b41e0,LEVEL 04,HP-C41C;HP4120Y;HP-C41B;HP4120C
HP5120Q,CHAIR OFFICE HP5120Q,8761029a-7949-451f-bead-5894f98e32b0-00486c09,LEVEL 05,HP5120S;HP5120Y;HP5120T;HP5120AA;HP5120U;HP5120W;HP-C51B;HP5120R
HP5110R,OFFICE HP5110R,8761029a-7949-451f-bead-5894f98e32b0-00486c10,LEVEL 05,HP5110M;HP5110N;HP5110P;HP5110S;HP5110Q;HP-C51A
HP5110S,OFFICE HP5110S,8761029a-7949-451f-bead-5894f98e32b0-00486c14,LEVEL 05,HP5110R;HP5110M;HP5110N;HP5110P;HP5110Q;HP-C51A
HP5110T,CHAIR OFFICE HP5110T,8761029a-7949-451f-bead-5894f98e32b0-00486c15,LEVEL 05,HP-C51A
HP5120A,WORKROOM / STORAGE HP5120A,9184f9ef-56f8-464d-8752-2bc104b17e34-003b6f28,LEVEL 05,HP5130C;HP5120G;HP5120C;HP5120E;HP-C51C;HP-C51B;HP5120J
HP2200B,VESTIBULE HP2200B,fb8b809e-bd1b-4568-950a-2a1c0420a3d5-004ac97d,LEVEL 02,HP2200C;HP2202;HP2002;HP2004
